title,company,location,category,salary_min,salary_max,contract_type,created,description,redirect_url,search_term
Graduate Finance Data Analyst,Hays,"Manchester, Greater Manchester",Graduate Jobs,31607.44,31607.44,,2026-06-05T04:13:45Z,"Graduate Finance Data Analyst - Manchester - Immediate start - 5 days in office. Graduate Finance Data AnalystLocation: Openshaw, Manchester (Full-Time, Office-Based) Salary: £30,000 A well-established and growing manufacturing business based in Openshaw, Manchester is currently seeking a highly motivated Graduate Finance Data Analyst to join their finance team. This is an excellent opportunity for a recent graduate looking to kick-start their career within a fast-paced, data-driven manufacturi…",https://www.adzuna.co.uk/jobs/land/ad/5752733099?se=HkYGKxZm8RGuw6H4-9IcyQ&utm_medium=api&utm_source=057dc159&v=1F705C8393491F9E4D840DAFC383383C02F3FE22,data analyst
Data Analyst Trainee,ITOL Recruit,UK,IT Jobs,30000.0,50000.0,permanent,2026-06-01T17:30:25Z,"Are you looking to benefit from a new career in Data Analysis? If you are detail orientated, perceptive, organised, competent, analytical and can communicate well with those around you; you could have a truly rewarding future as a Data Analyst We do this using our specialised Data Analyst career programme which looks to assist and place qualified candidates into a career pathway in Data Analysis. Please note this career program is designed for entry level individuals with limited or no experien…",https://www.adzuna.co.uk/jobs/land/ad/5747781982?se=HkYGKxZm8RGuw6H4-9IcyQ&utm_medium=api&utm_source=057dc159&v=7E3623323FF6852F5F6A44DA8ED5C7940BACA92A,data analyst
Data Analyst,Dale Farm Ltd,"Belfast, Northern Ireland",IT Jobs,35000.0,35000.0,,2026-06-11T20:56:14Z,"About the Role Document and develop an understanding of business processes and data flows and reporting requirements. Support the collection, validation and documentationof data requirements from stakeholders. Develop tools that automate existing business processes in line with the Data strategy. Collect, maintain, cleanse and monitor datasets to ensure accuracy and completeness. Analyse data to identify trends, patterns and insights to support business decision making. Support stakeholders wit…",https://www.adzuna.co.uk/jobs/land/ad/5760201281?se=HkYGKxZm8RGuw6H4-9IcyQ&utm_medium=api&utm_source=057dc159&v=ED85977EE5CEF51FD0448F733F8B282DE5FB11D3,data analyst
Data Analyst,Robert Half,"Gloucestershire, South West England",IT Jobs,42022.07,42022.07,contract,2026-06-05T19:28:04Z,"Contract Data Analyst Role: Data Analyst Rate: Competitive Location: Gloucestershire Contract Length: Initially 3 months Working Pattern: Full-time, 5 days per week (Hybrid - 1-2 days per week on-site) My client is seeking an experienced Data Analyst to join their team on an initial three-month contract. This role will support the day-to-day running of the data function, delivering management reporting, business analysis and data-driven insights across the organisation. The successful candidate…",https://www.adzuna.co.uk/jobs/land/ad/5753358662?se=HkYGKxZm8RGuw6H4-9IcyQ&utm_medium=api&utm_source=057dc159&v=74F8E2EBEB0D0FBC80613E47CCDD3BF5653C7313,data analyst
Data Analyst,Advanced Resource Managers Limited,"Gloucestershire, South West England",IT Jobs,104000.0,104000.0,contract,2026-05-19T14:44:08Z,"Data Analyst Contract up to 31/12/2026 Based in Filton Offering £50ph Inside IR35 Do you have experience with Jira or GitHub? Do you have experience with Palantir Foundry (Skywise) or Extended Platform (Jupyter)? Do you want to work with an industry-leading company? If your answer to these is yes, then this could be the role for you! As the Data Analyst, you will be working alongside a market-leading Defence and Aerospace company who are constantly growing and developing. They are always lookin…",https://www.adzuna.co.uk/jobs/land/ad/5734104051?se=HkYGKxZm8RGuw6H4-9IcyQ&utm_medium=api&utm_source=057dc159&v=80DF5FF95D576EB0FAE4890D2E03D9339780320F,data analyst
Data Analyst,Certain Advantage,"Bristol, South West England",IT Jobs,93600.0,104000.0,permanent,2026-05-19T14:48:01Z,"Data Analyst Certain Advantage are hiring for a Data Analyst based in Filton. This is an initial contract role running until the end of the year, with a requirement to work onsite three days per week. Your responsibilities: Contribute to development of the fleet diagnostic and predictive maintenance models. Support technical investigations with aircraft fleet data analysis Perform specific data analyses for the Design Office, starting from gathering the need from the requestor, to assessing the…",https://www.adzuna.co.uk/jobs/land/ad/5734105665?se=HkYGKxZm8RGuw6H4-9IcyQ&utm_medium=api&utm_source=057dc159&v=15A5880B35E25645523668D32E7EBC97D0D0BEED,data analyst
Data Analyst,Pertemps Leicester,"Leicester, Leicestershire",IT Jobs,65000.0,104000.0,contract,2026-06-11T23:50:15Z,"Data Analyst Leicester (Hybrid working available) 3 Month Contract Full Time Hours, Monday to Friday Up to £400 per day We’re recruiting for an experienced Data Analyst to join a fast-paced Leicester based company on a 3-month contract. This Data Analyst role is ideal for someone who enjoys working with high-volume data, identifying trends, and turning insight into meaningful operational improvements.This Data Analyst position will focus on real-time monitoring, forecasting and analysing custom…",https://www.adzuna.co.uk/jobs/land/ad/5760620639?se=HkYGKxZm8RGuw6H4-9IcyQ&utm_medium=api&utm_source=057dc159&v=05C0B554B10841E4507B7A236EB4AE25069ED8CE,data analyst
Data Analyst,Elevation Recruitment Group,"Leeds, West Yorkshire",IT Jobs,45000.0,54000.0,permanent,2026-06-01T15:57:49Z,"Data Analyst Location: West Yorkshire / Leeds (Hybrid Working) Salary: £45,000 - £54,000  Bonus  Excellent Benefits Are you a Data Analyst who enjoys turning complex data into meaningful business insight? We're supporting a major Yorkshire-based organisation as they continue to invest in their data and reporting capabilities. As part of an ongoing transformation programme, they're looking to appoint a Data Analyst to help drive smarter decision-making through improved analytics, reporting and v…",https://www.adzuna.co.uk/jobs/land/ad/5747699653?se=HkYGKxZm8RGuw6H4-9IcyQ&utm_medium=api&utm_source=057dc159&v=29C2E0A896BFDDFC00AD06FB77BC4F1D0573DD55,data analyst
Data Analyst,Morgan McKinley,"Manchester, Greater Manchester",IT Jobs,140400.0,140400.0,contract,2026-06-09T17:38:53Z,"Data Analyst Location: Manchester (Hybrid: 1 day per week onsite, typically Wednesdays) Duration: August 2026 - April 2027 (Maternity Cover) Rate: £540/day / £72/hour (Inside IR35 / Paid via an Umbrella Company) About the Business We are a global leader in the travel technology sector, dedicated to making it easier for millions of customers to experience the world. This role sits within our Trips & Ground Transportation Business Unit, a high-velocity, tech-first division focused on creating a s…",https://www.adzuna.co.uk/jobs/land/ad/5757412884?se=HkYGKxZm8RGuw6H4-9IcyQ&utm_medium=api&utm_source=057dc159&v=6F23177B45C9EA45CBE7BD25B868DE6C249984A9,data analyst
Data Analyst,Robert Half,"Leeds, West Yorkshire",IT Jobs,35000.0,45000.0,permanent,2026-06-11T13:45:14Z,"Robert Half has partnered exclusively with a growing professional services organisation seeking a talented Data Analyst to join their expanding data and technology team. This is an excellent opportunity for an analytical professional with experience in Power BI, SQL, and data modelling to play a key role in driving business intelligence and data-driven decision-making. Please note this role is 5 days a week onsite in Leeds city centre during probation. After probation you have the option to wor…",https://www.adzuna.co.uk/jobs/land/ad/5759993025?se=HkYGKxZm8RGuw6H4-9IcyQ&utm_medium=api&utm_source=057dc159&v=B98A6BB6D62D4ACB8936DBE930B193124C676D0C,data analyst
Data Analyst,Hays Specialist Recruitment Limited,"Bedfordshire, Eastern England",IT Jobs,40000.0,50000.0,permanent,2026-06-11T17:49:32Z,"Your new companyYou will be joining a well-established and growing organisation that places technology and data at the centre of its operational strategy. The business has a strong reputation for innovation and continuous improvement, offering a collaborative environment where systems and process optimisation are actively encouraged.Your new roleWe are currently recruiting for a Data Analyst to support the IT Manager and wider business prepare for a large data migration project and to support t…",https://www.adzuna.co.uk/jobs/land/ad/5760104616?se=HkYGKxZm8RGuw6H4-9IcyQ&utm_medium=api&utm_source=057dc159&v=A02F937861FC71569F616431F10FDB5FF1C2435E,data analyst
Data Analyst,Robert Half,"Shrewsbury, Shropshire",IT Jobs,30000.0,40000.0,permanent,2026-06-11T13:43:23Z,"Robert Half is excited to be exclusively partnering with a well-established organisation in Shrewsbury to recruit for a newly created Data and AI Analyst role. This permanent position offers a salary of up to £40,000 and hybrid working , with 2-3 days per week in the Tetbury office. This is a key role supporting the business during a pivotal stage of its digital modernisation journey . You will be responsible for enabling commercial and operational decision-making through insightful data analys…",https://www.adzuna.co.uk/jobs/land/ad/5759991021?se=HkYGKxZm8RGuw6H4-9IcyQ&utm_medium=api&utm_source=057dc159&v=8AD45962C81581C233FF2E2DA8F33BE1ED8FA2B7,data analyst
Master Data Analyst,MCS Group,"Belfast, Northern Ireland",Accounting & Finance Jobs,40000.0,40000.0,,2026-06-08T21:05:30Z,"Master Data Analyst - Belfast (Exclusive) MCS Group are delighted to be exclusively partnering with a global manufacturing organisation to recruit a Master Data Analyst to join their growing finance function in Belfast. The Company: Our client is a global, high-growth manufacturing business operating across the Americas, EMEA and APAC regions. The company is at the forefront of technological innovation and sustainability, supporting industries focused on energy efficiency and the transition to …",https://www.adzuna.co.uk/jobs/land/ad/5756534976?se=HkYGKxZm8RGuw6H4-9IcyQ&utm_medium=api&utm_source=057dc159&v=0C69925DCCF505F98D67247FE23FAE48F28BD15F,data analyst
Data Analyst,Barchester Healthcare,UK,IT Jobs,34000.0,34000.0,permanent,2026-05-20T04:50:07Z,"Learning & Development Data Analyst At Barchester Healthcare, we are committed to developing our people and creating a culture of continuous learning across our organisation. We are looking for a Learning & Development Data Analyst to join our L&D team and play a key role in ensuring the accuracy, integrity, and effectiveness of our learning data and reporting. This is an exciting opportunity for someone with strong analytical skills and a passion for data to help shape reporting processes, ide…",https://www.adzuna.co.uk/jobs/details/5734745778?utm_medium=api&utm_source=057dc159,data analyst
Data Analyst,Robert Walters,"Manchester, Greater Manchester",IT Jobs,45000.0,50000.0,permanent,2026-05-18T17:02:49Z,"Data Analyst Manchester City Centre (Hybrid) £50,000 Overview We are seeking experienced Data Analysts to join a growing, data-driven team. This role is ideal for individuals who are passionate about working hands-on with data, uncovering insights, and supporting data-led decision making. You will play a key role in interpreting and validating data, identifying trends and drivers, and communicating findings clearly to stakeholders. The successful candidate will be highly analytical, detail-orie…",https://www.adzuna.co.uk/jobs/land/ad/5733242081?se=HkYGKxZm8RGuw6H4-9IcyQ&utm_medium=api&utm_source=057dc159&v=00C772D4B8BBA44462C1F09A030648D7D66A6A3A,data analyst
Data Analyst,Harnham - Data & Analytics Recruitment,"London, UK",IT Jobs,45000.0,50000.0,permanent,2026-06-02T22:15:33Z,"DATA ANALYST LONDON/HYBRID UP TO £50,000 This is an opportunity to join a highly respected data and analytics consultancy that combines rich data assets with advanced analytics to solve complex commercial problems. You will work on varied, client-facing projects, helping organisations unlock value from their data while developing your own consulting and technical skill set. ROLES AND RESPONSIBILITIES: The Data Analyst will: Gather requirements and understanding client business challenges Conduc…",https://www.adzuna.co.uk/jobs/land/ad/5749715724?se=HkYGKxZm8RGuw6H4-9IcyQ&utm_medium=api&utm_source=057dc159&v=F401529B6E0C5B2E593E39B9A12C310D50FBAAD0,data analyst
Data Analyst,Tenth Revolution Group,"Southampton, Hampshire",IT Jobs,34000.0,40000.0,permanent,2026-05-19T14:41:56Z,"Data Analyst £40,000 We are recruiting a Data Analyst to join a fast-growing, subscription-based technology business during a critical phase of global expansion. The company has scaled rapidly and now supports over one million active customers worldwide, with further international growth planned across Europe. This role sits close to the executive team and plays a key part in driving commercial performance. The successful candidate will work within a high-impact function responsible for the maj…",https://www.adzuna.co.uk/jobs/land/ad/5734103548?se=HkYGKxZm8RGuw6H4-9IcyQ&utm_medium=api&utm_source=057dc159&v=52C042DE5990BD61C2B2B85B2F8A6FDEC2D9521A,data analyst
Data Analyst,Bennett & Game Recruitment,"Nottingham, Nottinghamshire",IT Jobs,28000.0,36000.0,permanent,2026-06-10T15:42:43Z,"Job Title: Data Analyst Location: Remote Salary: £28,000- £36,000 Data Analyst required for a Data company that build data architecture, portals, models and reporting that turn that data into decisions people make. The Successful candidate will be building views, untangling models, working out why the same issue keeps coming back, and fixing the cause rather than the symptom. Key Responsibilities Owning the client support queue - triaging, prioritising, and keeping people in the loop Diagnosing…",https://www.adzuna.co.uk/jobs/land/ad/5758568469?se=HkYGKxZm8RGuw6H4-9IcyQ&utm_medium=api&utm_source=057dc159&v=3CCFABDEDEC027490CAD90D25A3DD8BA8F66CB81,data analyst
Data Analyst,Pontoon,"Manchester, Greater Manchester",IT Jobs,104260.0,130000.0,contract,2026-06-05T23:03:30Z,"Pontoon is an employment consultancy. We put expertise, energy, and enthusiasm into improving everyone's chance of being part of the workplace. We respect and appreciate people of all ethnicities, generations, religious beliefs, sexual orientations, gender identities, and more. We do this by showcasing their talents, skills, and unique experience in an inclusive environment that helps them thrive. Job Title: Data Analyst Location: Manchester - Hybrid Contract: 12 months contract Rate: £450 - £5…",https://www.adzuna.co.uk/jobs/land/ad/5753645847?se=HkYGKxZm8RGuw6H4-9IcyQ&utm_medium=api&utm_source=057dc159&v=EBE1235D427B7EAB899CE759158A649FC13F364D,data analyst
Data Analyst Trainee,ITOL Recruit,"Cardiff County, Wales",IT Jobs,30000.0,50000.0,permanent,2026-05-28T12:03:16Z,"Are you looking to benefit from a new career in Data Analysis? If you are detail orientated, perceptive, organised, competent, analytical and can communicate well with those around you; you could have a truly rewarding future as a Data Analyst Please note this career program is designed for entry level individuals with limited or no experience, so please do not apply if you are already an experience Data Analyst as we will be looking primarily at entry level roles. Demand for Data Analysts has …",https://www.adzuna.co.uk/jobs/land/ad/5743384177?se=HkYGKxZm8RGuw6H4-9IcyQ&utm_medium=api&utm_source=057dc159&v=1760BA1C4619CE5ADE9F357D263A0860B3267514,data analyst
Data Analyst Trainee,ITOL Recruit,"Plymouth, South West England",IT Jobs,30000.0,50000.0,permanent,2026-06-01T12:05:54Z,"Are you looking to benefit from a new career in Data Analysis? If you are detail orientated, perceptive, organised, competent, analytical and can communicate well with those around you; you could have a truly rewarding future as a Data Analyst Demand for Data Analysts has grown 20% year on year with experienced analysts easily commanding salaries of £50k. All business decisions rely on data to ensure correct business decisions are made and therefore the role of the data analyst in the new digit…",https://www.adzuna.co.uk/jobs/land/ad/5747503474?se=HkYGKxZm8RGuw6H4-9IcyQ&utm_medium=api&utm_source=057dc159&v=464F2BD8B35FEDBDF3FFE996AB5358FFFDECFBEB,data analyst
Data Analyst Trainee,ITOL Recruit,"Romford, Essex",IT Jobs,30000.0,50000.0,permanent,2026-05-20T10:57:19Z,"Are you looking to benefit from a new career in Data Analysis? If you are detail orientated, perceptive, organised, competent, analytical and can communicate well with those around you; you could have a truly rewarding future as a Data Analyst Demand for Data Analysts has grown 20% year on year with experienced analysts easily commanding salaries of £50k. All business decisions rely on data to ensure correct business decisions are made and therefore the role of the data analyst in the new digit…",https://www.adzuna.co.uk/jobs/land/ad/5735047505?se=HkYGKxZm8RGuw6H4-9IcyQ&utm_medium=api&utm_source=057dc159&v=EABE686B75CB1340EE489F723E7039C5CDBC3A39,data analyst
Data Analyst Trainee,ITOL Recruit,"London, UK",IT Jobs,30000.0,50000.0,permanent,2026-05-28T15:51:17Z,"Are you looking to benefit from a new career in Data Analysis? If you are detail orientated, perceptive, organised, competent, analytical and can communicate well with those around you; you could have a truly rewarding future as a Data Analyst Demand for Data Analysts has grown 20% year on year with experienced analysts easily commanding salaries of £50k. All business decisions rely on data to ensure correct business decisions are made and therefore the role of the data analyst in the new digit…",https://www.adzuna.co.uk/jobs/land/ad/5743558095?se=HkYGKxZm8RGuw6H4-9IcyQ&utm_medium=api&utm_source=057dc159&v=A9493797499608115CE3E14D97A6CA8D3A9BB79F,data analyst
Data Analyst Trainee,ITOL Recruit,"Luton, Bedfordshire",IT Jobs,30000.0,50000.0,permanent,2026-05-20T10:55:18Z,"Are you looking to benefit from a new career in Data Analysis? If you are detail orientated, perceptive, organised, competent, analytical and can communicate well with those around you; you could have a truly rewarding future as a Data Analyst Demand for Data Analysts has grown 20% year on year with experienced analysts easily commanding salaries of £50k. All business decisions rely on data to ensure correct business decisions are made and therefore the role of the data analyst in the new digit…",https://www.adzuna.co.uk/jobs/land/ad/5735047154?se=HkYGKxZm8RGuw6H4-9IcyQ&utm_medium=api&utm_source=057dc159&v=42BC42C7EE3A22067B448F7531190A6C8C05B048,data analyst
Data Analyst Trainee,ITOL Recruit,"Wolverhampton, West Midlands",IT Jobs,30000.0,50000.0,permanent,2026-05-28T12:03:53Z,"Are you looking to benefit from a new career in Data Analysis? If you are detail orientated, perceptive, organised, competent, analytical and can communicate well with those around you; you could have a truly rewarding future as a Data Analyst Demand for Data Analysts has grown 20% year on year with experienced analysts easily commanding salaries of £50k. All business decisions rely on data to ensure correct business decisions are made and therefore the role of the data analyst in the new digit…",https://www.adzuna.co.uk/jobs/land/ad/5743387369?se=HkYGKxZm8RGuw6H4-9IcyQ&utm_medium=api&utm_source=057dc159&v=EEF36A23CF3397EB0ADBF1B13E025155CF3761DD,data analyst
Data Analyst Trainee,ITOL Recruit,"Bristol, South West England",IT Jobs,30000.0,50000.0,permanent,2026-06-01T12:06:17Z,"Are you looking to benefit from a new career in Data Analysis? If you are detail orientated, perceptive, organised, competent, analytical and can communicate well with those around you; you could have a truly rewarding future as a Data Analyst We do this using our specialised Data Analyst career programme which looks to assist and place qualified candidates into a career pathway in Data Analysis. Please note this career program is designed for entry level individuals with limited or no experien…",https://www.adzuna.co.uk/jobs/land/ad/5747504633?se=HkYGKxZm8RGuw6H4-9IcyQ&utm_medium=api&utm_source=057dc159&v=D07AABF2F776EF811E38E8639FFDC933C5D82689,data analyst
Data Analyst Trainee,ITOL Recruit,"Hastings, East Sussex",IT Jobs,30000.0,50000.0,permanent,2026-06-03T12:20:37Z,"Are you looking to benefit from a new career in Data Analysis? If you are detail orientated, perceptive, organised, competent, analytical and can communicate well with those around you; you could have a truly rewarding future as a Data Analyst We do this using our specialised Data Analyst career programme which looks to assist and place qualified candidates into a career pathway in Data Analysis. Please note this career program is designed for entry level individuals with limited or no experien…",https://www.adzuna.co.uk/jobs/land/ad/5750511770?se=HkYGKxZm8RGuw6H4-9IcyQ&utm_medium=api&utm_source=057dc159&v=F0D6FD7646B9B2600280CF9C0CEB748BA11D0C35,data analyst
Data Analyst Trainee,ITOL Recruit,"Stockport, Greater Manchester",IT Jobs,30000.0,50000.0,permanent,2026-06-03T12:16:03Z,"Are you looking to benefit from a new career in Data Analysis? If you are detail orientated, perceptive, organised, competent, analytical and can communicate well with those around you; you could have a truly rewarding future as a Data Analyst We do this using our specialised Data Analyst career programme which looks to assist and place qualified candidates into a career pathway in Data Analysis. Please note this career program is designed for entry level individuals with limited or no experien…",https://www.adzuna.co.uk/jobs/land/ad/5750507981?se=HkYGKxZm8RGuw6H4-9IcyQ&utm_medium=api&utm_source=057dc159&v=63188BAB6F18134D69BE7B589C71EF5A29AFFAAD,data analyst
Data Analyst Trainee,ITOL Recruit,"Brighton, East Sussex",IT Jobs,30000.0,50000.0,permanent,2026-06-03T12:08:29Z,"Are you looking to benefit from a new career in Data Analysis? If you are detail orientated, perceptive, organised, competent, analytical and can communicate well with those around you; you could have a truly rewarding future as a Data Analyst We do this using our specialised Data Analyst career programme which looks to assist and place qualified candidates into a career pathway in Data Analysis. Please note this career program is designed for entry level individuals with limited or no experien…",https://www.adzuna.co.uk/jobs/land/ad/5750489673?se=HkYGKxZm8RGuw6H4-9IcyQ&utm_medium=api&utm_source=057dc159&v=95884FD46EDEFFFDA47D275C7EF914580376E7A0,data analyst
Data Analyst Trainee,ITOL Recruit,"Warrington, Cheshire",IT Jobs,30000.0,50000.0,permanent,2026-05-20T10:53:40Z,"Are you looking to benefit from a new career in Data Analysis? If you are detail orientated, perceptive, organised, competent, analytical and can communicate well with those around you; you could have a truly rewarding future as a Data Analyst We do this using our specialised Data Analyst career programme which looks to assist and place qualified candidates into a career pathway in Data Analysis. Please note this career program is designed for entry level individuals with limited or no experien…",https://www.adzuna.co.uk/jobs/land/ad/5735047008?se=HkYGKxZm8RGuw6H4-9IcyQ&utm_medium=api&utm_source=057dc159&v=816699921041EA8A905F8E92EAFB4359A227FDEA,data analyst
Data Analyst Trainee,ITOL Recruit,"Peterborough, Eastern England",IT Jobs,30000.0,50000.0,permanent,2026-05-20T10:56:33Z,"Are you looking to benefit from a new career in Data Analysis? If you are detail orientated, perceptive, organised, competent, analytical and can communicate well with those around you; you could have a truly rewarding future as a Data Analyst We do this using our specialised Data Analyst career programme which looks to assist and place qualified candidates into a career pathway in Data Analysis. Please note this career program is designed for entry level individuals with limited or no experien…",https://www.adzuna.co.uk/jobs/land/ad/5735047368?se=HkYGKxZm8RGuw6H4-9IcyQ&utm_medium=api&utm_source=057dc159&v=30553BD854E8836981597FA31E322C0E3302628F,data analyst
Data Analyst Trainee,ITOL Recruit,"Wigan, Greater Manchester",IT Jobs,30000.0,50000.0,permanent,2026-05-20T10:54:50Z,"Are you looking to benefit from a new career in Data Analysis? If you are detail orientated, perceptive, organised, competent, analytical and can communicate well with those around you; you could have a truly rewarding future as a Data Analyst We do this using our specialised Data Analyst career programme which looks to assist and place qualified candidates into a career pathway in Data Analysis. Please note this career program is designed for entry level individuals with limited or no experien…",https://www.adzuna.co.uk/jobs/land/ad/5735047106?se=HkYGKxZm8RGuw6H4-9IcyQ&utm_medium=api&utm_source=057dc159&v=1ACC2C9CBD8CED0E8BB9A9D12955506375DDF2ED,data analyst
Data Analyst Trainee,ITOL Recruit,"Bournemouth, Dorset",IT Jobs,30000.0,50000.0,permanent,2026-05-20T10:56:39Z,"Are you looking to benefit from a new career in Data Analysis? If you are detail orientated, perceptive, organised, competent, analytical and can communicate well with those around you; you could have a truly rewarding future as a Data Analyst We do this using our specialised Data Analyst career programme which looks to assist and place qualified candidates into a career pathway in Data Analysis. Please note this career program is designed for entry level individuals with limited or no experien…",https://www.adzuna.co.uk/jobs/land/ad/5735047390?se=HkYGKxZm8RGuw6H4-9IcyQ&utm_medium=api&utm_source=057dc159&v=F7A98B46F8F09FBC775C264247F36E2F237CDB5C,data analyst
Data Analyst Trainee,ITOL Recruit,"Doncaster, South Yorkshire",IT Jobs,30000.0,50000.0,permanent,2026-05-20T11:00:32Z,"Are you looking to benefit from a new career in Data Analysis? If you are detail orientated, perceptive, organised, competent, analytical and can communicate well with those around you; you could have a truly rewarding future as a Data Analyst We do this using our specialised Data Analyst career programme which looks to assist and place qualified candidates into a career pathway in Data Analysis. Please note this career program is designed for entry level individuals with limited or no experien…",https://www.adzuna.co.uk/jobs/land/ad/5735048157?se=HkYGKxZm8RGuw6H4-9IcyQ&utm_medium=api&utm_source=057dc159&v=B9211EC489CE45BFF38CB802CE816587A0575195,data analyst
Data Analyst Trainee,ITOL Recruit,"Grimsby, North East Lincolnshire",IT Jobs,30000.0,50000.0,permanent,2026-06-03T12:10:06Z,"Are you looking to benefit from a new career in Data Analysis? If you are detail orientated, perceptive, organised, competent, analytical and can communicate well with those around you; you could have a truly rewarding future as a Data Analyst We do this using our specialised Data Analyst career programme which looks to assist and place qualified candidates into a career pathway in Data Analysis. Please note this career program is designed for entry level individuals with limited or no experien…",https://www.adzuna.co.uk/jobs/land/ad/5750496846?se=HkYGKxZm8RGuw6H4-9IcyQ&utm_medium=api&utm_source=057dc159&v=C4A5FBAE4A7AAA9A0A04201AF7FA1B151F87EE71,data analyst
Data Analyst Trainee,ITOL Recruit,"York, North Yorkshire",IT Jobs,30000.0,50000.0,permanent,2026-06-03T12:10:15Z,"Are you looking to benefit from a new career in Data Analysis? If you are detail orientated, perceptive, organised, competent, analytical and can communicate well with those around you; you could have a truly rewarding future as a Data Analyst We do this using our specialised Data Analyst career programme which looks to assist and place qualified candidates into a career pathway in Data Analysis. Please note this career program is designed for entry level individuals with limited or no experien…",https://www.adzuna.co.uk/jobs/land/ad/5750497479?se=HkYGKxZm8RGuw6H4-9IcyQ&utm_medium=api&utm_source=057dc159&v=9C68AB8D77F2FB40EF12072A90047AF411BD2652,data analyst
Trainee Data Analyst,ITOL Recruit,"Leeds, West Yorkshire",IT Jobs,30000.0,50000.0,permanent,2026-05-28T12:01:21Z,"Are you looking to benefit from a new career in Data Analysis? If you are detail orientated, perceptive, organised, competent, analytical and can communicate well with those around you; you could have a truly rewarding future as a Data Analyst We do this using our specialised Data Analyst career programme which looks to assist and place qualified candidates into a career pathway in Data Analysis. Please note this career program is designed for entry level individuals with limited or no experien…",https://www.adzuna.co.uk/jobs/land/ad/5743376437?se=HkYGKxZm8RGuw6H4-9IcyQ&utm_medium=api&utm_source=057dc159&v=45BB177000F6EE78A57AB13FE9DF2F733338E737,data analyst
Data Analyst Trainee,ITOL Recruit,"Maidstone, Kent",IT Jobs,30000.0,50000.0,permanent,2026-05-19T13:00:17Z,"Are you looking to benefit from a new career in Data Analysis? If you are detail orientated, perceptive, organised, competent, analytical and can communicate well with those around you; you could have a truly rewarding future as a Data Analyst We do this using our specialised Data Analyst career programme which looks to assist and place qualified candidates into a career pathway in Data Analysis. Please note this career program is designed for entry level individuals with limited or no experien…",https://www.adzuna.co.uk/jobs/land/ad/5733977335?se=HkYGKxZm8RGuw6H4-9IcyQ&utm_medium=api&utm_source=057dc159&v=36ACC05E6466E50EE1A5A0E98D5DF2052DD6960E,data analyst
Data Analyst Trainee,ITOL Recruit,"Crawley, West Sussex",IT Jobs,30000.0,50000.0,permanent,2026-05-20T10:57:02Z,"Are you looking to benefit from a new career in Data Analysis? If you are detail orientated, perceptive, organised, competent, analytical and can communicate well with those around you; you could have a truly rewarding future as a Data Analyst We do this using our specialised Data Analyst career programme which looks to assist and place qualified candidates into a career pathway in Data Analysis. Please note this career program is designed for entry level individuals with limited or no experien…",https://www.adzuna.co.uk/jobs/land/ad/5735047463?se=HkYGKxZm8RGuw6H4-9IcyQ&utm_medium=api&utm_source=057dc159&v=052984E47AE9886B1312154037656D57C5F7D90A,data analyst
Data Analyst Trainee,ITOL Recruit,"Rochdale, Greater Manchester",IT Jobs,30000.0,50000.0,permanent,2026-05-20T10:52:49Z,"Are you looking to benefit from a new career in Data Analysis? If you are detail orientated, perceptive, organised, competent, analytical and can communicate well with those around you; you could have a truly rewarding future as a Data Analyst We do this using our specialised Data Analyst career programme which looks to assist and place qualified candidates into a career pathway in Data Analysis. Please note this career program is designed for entry level individuals with limited or no experien…",https://www.adzuna.co.uk/jobs/land/ad/5735046879?se=HkYGKxZm8RGuw6H4-9IcyQ&utm_medium=api&utm_source=057dc159&v=B149CD37F792AAC8B19BD9F65C116972A5836F2C,data analyst
Data Analyst Trainee,ITOL Recruit,"Blackburn, Lancashire",IT Jobs,30000.0,50000.0,permanent,2026-06-03T12:19:36Z,"Are you looking to benefit from a new career in Data Analysis? If you are detail orientated, perceptive, organised, competent, analytical and can communicate well with those around you; you could have a truly rewarding future as a Data Analyst We do this using our specialised Data Analyst career programme which looks to assist and place qualified candidates into a career pathway in Data Analysis. Please note this career program is designed for entry level individuals with limited or no experien…",https://www.adzuna.co.uk/jobs/land/ad/5750511416?se=HkYGKxZm8RGuw6H4-9IcyQ&utm_medium=api&utm_source=057dc159&v=63CD36E55925A70E70F6E77912C87F842478CF73,data analyst
Data Analyst Trainee,ITOL Recruit,"Leamington Spa, Warwickshire",IT Jobs,30000.0,50000.0,permanent,2026-05-20T11:02:53Z,"Are you looking to benefit from a new career in Data Analysis? If you are detail orientated, perceptive, organised, competent, analytical and can communicate well with those around you; you could have a truly rewarding future as a Data Analyst We do this using our specialised Data Analyst career programme which looks to assist and place qualified candidates into a career pathway in Data Analysis. Please note this career program is designed for entry level individuals with limited or no experien…",https://www.adzuna.co.uk/jobs/land/ad/5735048677?se=HkYGKxZm8RGuw6H4-9IcyQ&utm_medium=api&utm_source=057dc159&v=A3B457CC2644002E4E6AC09885572E8BE951329F,data analyst
Data Analyst Trainee,ITOL Recruit,"Sittingbourne, Kent",IT Jobs,30000.0,50000.0,permanent,2026-05-20T11:02:19Z,"Are you looking to benefit from a new career in Data Analysis? If you are detail orientated, perceptive, organised, competent, analytical and can communicate well with those around you; you could have a truly rewarding future as a Data Analyst We do this using our specialised Data Analyst career programme which looks to assist and place qualified candidates into a career pathway in Data Analysis. Please note this career program is designed for entry level individuals with limited or no experien…",https://www.adzuna.co.uk/jobs/land/ad/5735048547?se=HkYGKxZm8RGuw6H4-9IcyQ&utm_medium=api&utm_source=057dc159&v=1ACB28CF3DAAAD5E4504BE1FD0A3E82339E278E1,data analyst
Trainee Data Analyst,ITOL Recruit,"Reading, Berkshire",IT Jobs,30000.0,50000.0,permanent,2026-05-19T12:56:11Z,"Are you looking to benefit from a new career in Data Analysis? If you are detail orientated, perceptive, organised, competent, analytical and can communicate well with those around you; you could have a truly rewarding future as a Data Analyst We do this using our specialised Data Analyst career programme which looks to assist and place qualified candidates into a career pathway in Data Analysis. Please note this career program is designed for entry level individuals with limited or no experien…",https://www.adzuna.co.uk/jobs/land/ad/5733975387?se=HkYGKxZm8RGuw6H4-9IcyQ&utm_medium=api&utm_source=057dc159&v=98458B57D7CF5E3A945D573B73C9B87A7C4D2899,data analyst
Trainee Data Analyst,ITOL Recruit,"Leicester, Leicestershire",IT Jobs,30000.0,50000.0,permanent,2026-05-19T12:56:15Z,"Are you looking to benefit from a new career in Data Analysis? If you are detail orientated, perceptive, organised, competent, analytical and can communicate well with those around you; you could have a truly rewarding future as a Data Analyst We do this using our specialised Data Analyst career programme which looks to assist and place qualified candidates into a career pathway in Data Analysis. Please note this career program is designed for entry level individuals with limited or no experien…",https://www.adzuna.co.uk/jobs/land/ad/5733975449?se=HkYGKxZm8RGuw6H4-9IcyQ&utm_medium=api&utm_source=057dc159&v=C7D4A0853C85132ACFBE48653C48C1EF9435383C,data analyst
Data Analyst Trainee,ITOL Recruit,"Cambridge, Cambridgeshire",IT Jobs,30000.0,50000.0,permanent,2026-05-19T13:02:19Z,"Are you looking to benefit from a new career in Data Analysis? If you are detail orientated, perceptive, organised, competent, analytical and can communicate well with those around you; you could have a truly rewarding future as a Data Analyst We do this using our specialised Data Analyst career programme which looks to assist and place qualified candidates into a career pathway in Data Analysis. Please note this career program is designed for entry level individuals with limited or no experien…",https://www.adzuna.co.uk/jobs/land/ad/5733978479?se=HkYGKxZm8RGuw6H4-9IcyQ&utm_medium=api&utm_source=057dc159&v=480B6F44C7F37B8F49C6E653C487B5C12D6EAA73,data analyst
Data Analyst Trainee,ITOL Recruit,"Aberdeen, Aberdeenshire",IT Jobs,30000.0,50000.0,permanent,2026-05-19T13:01:24Z,"Are you looking to benefit from a new career in Data Analysis? If you are detail orientated, perceptive, organised, competent, analytical and can communicate well with those around you; you could have a truly rewarding future as a Data Analyst We do this using our specialised Data Analyst career programme which looks to assist and place qualified candidates into a career pathway in Data Analysis. Please note this career program is designed for entry level individuals with limited or no experien…",https://www.adzuna.co.uk/jobs/land/ad/5733978292?se=HkYGKxZm8RGuw6H4-9IcyQ&utm_medium=api&utm_source=057dc159&v=E23548AF398443D2918F8289C4D42AF883DFD198,data analyst
Data Analyst Trainee,ITOL Recruit,"Edinburgh Technopole, Milton Bridge",IT Jobs,30000.0,50000.0,permanent,2026-05-19T12:59:59Z,"Are you looking to benefit from a new career in Data Analysis? If you are detail orientated, perceptive, organised, competent, analytical and can communicate well with those around you; you could have a truly rewarding future as a Data Analyst We do this using our specialised Data Analyst career programme which looks to assist and place qualified candidates into a career pathway in Data Analysis. Please note this career program is designed for entry level individuals with limited or no experien…",https://www.adzuna.co.uk/jobs/land/ad/5733977075?se=HkYGKxZm8RGuw6H4-9IcyQ&utm_medium=api&utm_source=057dc159&v=991ACD395EBCC222AC6D8ED4462349E023D4AA0C,data analyst
Data Science Trainee,ITOL Recruit,UK,IT Jobs,30000.0,50000.0,permanent,2026-06-01T17:30:25Z,"Artificial Intelligence is used in every industry and as artificial intelligence requires data to operate there is now a massive growing demand for Data experts. If you are detail orientated, perceptive, organised, competent, analytical and can communicate well with those around you; you could have a truly rewarding future within Data Science. We use our specialised Data Science Career programme which looks to assist, train and place qualified candidates into a career pathway in Data Science. O…",https://www.adzuna.co.uk/jobs/land/ad/5747781985?se=NtZRMhZm8RGOccqhHlf4XA&utm_medium=api&utm_source=057dc159&v=883ED4FA98A6E678B0F672C79E84E1B181D11D63,data scientist
Data Scientist,Ocho,"Belfast, Northern Ireland",IT Jobs,70000.0,70000.0,,2026-05-22T20:08:03Z,"Data Scientist Location: Belfast (Hybrid) Eligibility: UK work authorisation required (no sponsorship available) We're working with an organisation investing heavily in data, AI, and advanced analytics, and they're looking for a Data Scientist to help turn complex datasets into meaningful, actionable insights. This is a hands on role where you'll build data pipelines, develop predictive models, and apply cutting edge AI techniques, including NLP and generative AI to solve real business problems…",https://www.adzuna.co.uk/jobs/land/ad/5737819028?se=NtZRMhZm8RGOccqhHlf4XA&utm_medium=api&utm_source=057dc159&v=8274EC70DD56DC33A828E8F8B1CA133DB1F45665,data scientist
Data Scientist,Harnham - Data & Analytics Recruitment,"Merseyside, North West England",IT Jobs,45000.0,50000.0,permanent,2026-05-20T19:14:12Z,"Data Scientist £45,000-£50,000 Merseyside (Hybrid - 3x Days a Week in Office) Looking for a Data Science role where your models will actually make it into production? This is an opportunity to join a major UK retail business at a pivotal stage in its Data Science and AI transformation. With a new loyalty programme launching and significant investment into customer analytics, the business is building a scalable Data Science capability focused on real commercial impact THE COMPANY This establishe…",https://www.adzuna.co.uk/jobs/land/ad/5735321824?se=NtZRMhZm8RGOccqhHlf4XA&utm_medium=api&utm_source=057dc159&v=31386E8D6328FCEA76B7E8AA72B1DD67F48269CE,data scientist
Data Scientist,Opus Recruitment Solutions Ltd,"Swindon, Wiltshire",IT Jobs,104000.0,117000.0,contract,2026-06-03T20:13:31Z,Data Scientist | Outside IR35 | 6 Months | £400 - £450 | Hybrid We’re recruiting for an experienced Data Scientist to join a high-impact public sector project based in Swindon. This is an exciting opportunity to work on data-driven initiatives that support critical services and decision-making. Key Responsibilities Develop and deploy machine learning and AI models to solve complex business problems Analyse large datasets to generate actionable insights Collaborate with stakeholders across techn…,https://www.adzuna.co.uk/jobs/land/ad/5750870949?se=NtZRMhZm8RGOccqhHlf4XA&utm_medium=api&utm_source=057dc159&v=5B9B0D5521B9D4D9F8526353F7CB25227CE23062,data scientist
Data Scientist,Digital Waffle,"Nottingham, Nottinghamshire",IT Jobs,60000.0,60000.0,permanent,2026-05-18T21:09:33Z,"Role: Data Scientist Location: Nottingham, UK (80% Remote) Salary: £60k The Opportunity A growing, data-driven organisation is looking for a Data Scientist to help unlock the value of its data. This is a hands-on role where you'll work on a mix of analytics and machine learning projects, partnering with different teams to turn complex datasets into clear, actionable insights. You'll have the freedom to own problems end-to-end, from exploration through to deployment, while contributing to a mode…",https://www.adzuna.co.uk/jobs/land/ad/5733332827?se=NtZRMhZm8RGOccqhHlf4XA&utm_medium=api&utm_source=057dc159&v=248960C39B969A81B3E0549F6C198093F6226003,data scientist
Data Scientist,Opus Recruitment Solutions Ltd,"Nottingham, Nottinghamshire",IT Jobs,104000.0,117000.0,contract,2026-05-19T14:44:40Z,"Data Scientist | Outside IR35 | 6 Months | £400 - £450 | You’ll be joining a multidisciplinary team made up of data scientists, ML engineers, software developers, and subject-matter experts, working together to solve complex problems using advanced analytics. The focus is on applying machine learning techniques to large-scale, real-world datasets — including high-frequency vibration signals, SCADA data , and historical turbine failure records. This is a very hands-on role, centred around buildi…",https://www.adzuna.co.uk/jobs/land/ad/5734104110?se=NtZRMhZm8RGOccqhHlf4XA&utm_medium=api&utm_source=057dc159&v=DE25129F72963493897D6081CFE9D472021F1226,data scientist
Data Scientist,True North Group,"Cardiff County, Wales",IT Jobs,50000.0,100000.0,permanent,2026-06-05T11:06:15Z,"Our dedicated Data Science team is at the forefront of revolutionizing pharma intelligence and how patients gain access to life-saving therapies. Armed with cutting-edge technology and a passion for innovation, we leverage the vast landscape of data to extract actionable insights that drive informed decision making Our unique collaborative approach fosters a dynamic synergy between data science, product development, pharmaceutical industry experts, and engineering. Our deep expertise in artific…",https://www.adzuna.co.uk/jobs/land/ad/5753047037?se=NtZRMhZm8RGOccqhHlf4XA&utm_medium=api&utm_source=057dc159&v=8ACF1BC23CF987F07EE501DC1062A5E225D5000C,data scientist
Data Scientist,True North Group,"Newport, Wales",IT Jobs,50000.0,100000.0,permanent,2026-06-05T11:11:05Z,"Our dedicated Data Science team is at the forefront of revolutionizing pharma intelligence and how patients gain access to life-saving therapies. Armed with cutting-edge technology and a passion for innovation, we leverage the vast landscape of data to extract actionable insights that drive informed decision making Our unique collaborative approach fosters a dynamic synergy between data science, product development, pharmaceutical industry experts, and engineering. Our deep expertise in artific…",https://www.adzuna.co.uk/jobs/land/ad/5753069204?se=NtZRMhZm8RGOccqhHlf4XA&utm_medium=api&utm_source=057dc159&v=C3C914AB096B25C5437B4F0F4768017971184E2B,data scientist
Lead Data Scientist,DWP Digital,"Sheffield, South Yorkshire",IT Jobs,90000.0,90000.0,permanent,2026-06-05T15:51:04Z,"Lead Data Scientist Pay of up £92,522, plus 28.97% employer pension contributions, hybrid working, flexible hours, and great work life balance. We want to hire a new Lead Data Scientist. If you're skilled at harnessing data and applying advanced analytics to improve outcomes and excited by the prospect of using data and technology at scale in innovative ways to solve complex problems we'd love to hear from you. DWP Digital provides inspiring career opportunities for people who are passionate ab…",https://www.adzuna.co.uk/jobs/land/ad/5753289939?se=NtZRMhZm8RGOccqhHlf4XA&utm_medium=api&utm_source=057dc159&v=ED86279BE9C9CDA3CFB46EBA7E7401797B0277EE,data scientist
Lead Data Scientist,DWP Digital,"Newcastle Upon Tyne, Tyne & Wear",IT Jobs,90000.0,90000.0,permanent,2026-06-05T15:51:03Z,"Lead Data Scientist Pay of up £92,522, plus 28.97% employer pension contributions, hybrid working, flexible hours, and great work life balance. We want to hire a new Lead Data Scientist. If you're skilled at harnessing data and applying advanced analytics to improve outcomes and excited by the prospect of using data and technology at scale in innovative ways to solve complex problems we'd love to hear from you. DWP Digital provides inspiring career opportunities for people who are passionate ab…",https://www.adzuna.co.uk/jobs/land/ad/5753289935?se=NtZRMhZm8RGOccqhHlf4XA&utm_medium=api&utm_source=057dc159&v=832E6F95AB3D7D1B401CD704B1208D4BFC1B5915,data scientist
Lead Data Scientist,DWP Digital,"Leeds, West Yorkshire",IT Jobs,90000.0,90000.0,permanent,2026-06-05T15:51:03Z,"Lead Data Scientist Pay of up £92,522, plus 28.97% employer pension contributions, hybrid working, flexible hours, and great work life balance. We want to hire a new Lead Data Scientist. If you're skilled at harnessing data and applying advanced analytics to improve outcomes and excited by the prospect of using data and technology at scale in innovative ways to solve complex problems we'd love to hear from you. DWP Digital provides inspiring career opportunities for people who are passionate ab…",https://www.adzuna.co.uk/jobs/land/ad/5753289930?se=NtZRMhZm8RGOccqhHlf4XA&utm_medium=api&utm_source=057dc159&v=B83316A9F1EFD39987AEBB48909521A3B1B66685,data scientist
Data Scientist,True North Group,"Birmingham, West Midlands",IT Jobs,50000.0,100000.0,permanent,2026-06-05T11:03:40Z,"Our dedicated Data Science team is at the forefront of revolutionizing pharma intelligence and how patients gain access to life-saving therapies. Armed with cutting-edge technology and a passion for innovation, we leverage the vast landscape of data to extract actionable insights that drive informed decision making Our unique collaborative approach fosters a dynamic synergy between data science, product development, pharmaceutical industry experts, and engineering. Our deep expertise in artific…",https://www.adzuna.co.uk/jobs/land/ad/5753042673?se=NtZRMhZm8RGOccqhHlf4XA&utm_medium=api&utm_source=057dc159&v=580492B1DB22E80304249A33F738D5D763C23838,data scientist
Lead Data Scientist,Ocho,"Belfast, Northern Ireland",IT Jobs,75000.0,75000.0,,2026-05-31T14:53:53Z,"Job description Lead Data Scientist Location: Hybrid (Belfast) Eligibility: UK work authorisation required (no sponsorship available) We're hiring a Lead Data Scientist to drive high-impact data and AI work while leading and mentoring a growing data science team. This role blends technical leadership, people management, and close collaboration with customers to deliver meaningful, data-led solutions. Why join? * Senior role with real influence over projects, people, and direction * Mix of leade…",https://www.adzuna.co.uk/jobs/land/ad/5746534245?se=NtZRMhZm8RGOccqhHlf4XA&utm_medium=api&utm_source=057dc159&v=4C6837F9281808CCCCB2C1304ADB72FC1F41D113,data scientist
Data Scientist - AI,Ocho,"Belfast, Northern Ireland",IT Jobs,75000.0,75000.0,,2026-05-22T20:08:03Z,"Job description. Data Scientist - AI Location: Belfast (Hybrid) Eligibility: UK work authorisation required (no sponsorship available) I'm working with a fast-growing technology company building a platform that automates complex, data heavy workflows. Following significant growth, they're now looking for a Data Scientist to help embed intelligent capabilities directly into their core product. This is a hands on, product focused role where you'll design, build, and deploy AI solutions that deliv…",https://www.adzuna.co.uk/jobs/land/ad/5737819010?se=NtZRMhZm8RGOccqhHlf4XA&utm_medium=api&utm_source=057dc159&v=8D4E4DE320EBD8757EC30DEE911D6C112D255D26,data scientist
"Principal, AI Data Science",Jazz Pharmaceuticals,"The City, Central London",Healthcare & Nursing Jobs,71519.19,71519.19,,2026-03-19T15:05:51Z,"If you are a current Jazz employee please apply via the Internal Career site. Jazz Pharmaceuticals is a global biopharma company whose purpose is to innovate to transform the lives of patients and their families. We are dedicated to developing life-changing medicines for people with serious diseases — often with limited or no therapeutic options. We have a diverse portfolio of marketed medicines, including leading therapies for sleep disorders and epilepsy, and a growing portfolio of cancer tre…",https://www.adzuna.co.uk/jobs/land/ad/5672020463?se=NtZRMhZm8RGOccqhHlf4XA&utm_medium=api&utm_source=057dc159&v=D35F4AABD33A45FA0E589F126A776FFEA0335C1F,data scientist
Data Scientist,Harnham - Data & Analytics Recruitment,"London, UK",IT Jobs,104000.0,135200.0,contract,2026-06-06T03:08:06Z,"Data Scientist London1 Day a Week In OfficeOutside IR35£400-£520 Per Day Immediate Start The Company They are a data-driven organisation with a strong focus on using analytics to inform commercial and customer-focused decisions. Data and decision sciences play a central role across multiple functions, with close collaboration between analytics, finance and customer engagement teams. The business values robust, well-documented solutions that are actively used by stakeholders. This contract suppo…",https://www.adzuna.co.uk/jobs/land/ad/5753853729?se=NtZRMhZm8RGOccqhHlf4XA&utm_medium=api&utm_source=057dc159&v=A96CCC7227BA1C5E1B84D0D066BEBC9B616A0E66,data scientist
Data Scientist,True North Group,"Bristol, South West England",IT Jobs,50000.0,100000.0,permanent,2026-06-05T11:09:28Z,"Our dedicated Data Science team is at the forefront of revolutionizing pharma intelligence and how patients gain access to life-saving therapies. Armed with cutting-edge technology and a passion for innovation, we leverage the vast landscape of data to extract actionable insights that drive informed decision making Our unique collaborative approach fosters a dynamic synergy between data science, product development, pharmaceutical industry experts, and engineering. Our deep expertise in artific…",https://www.adzuna.co.uk/jobs/land/ad/5753060552?se=NtZRMhZm8RGOccqhHlf4XA&utm_medium=api&utm_source=057dc159&v=4EB883CB4723B5419865D171BD61869B49C56606,data scientist
Data Scientist,True North Group,"London, UK",IT Jobs,50000.0,100000.0,permanent,2026-06-05T11:06:35Z,"Our dedicated Data Science team is at the forefront of revolutionizing pharma intelligence and how patients gain access to life-saving therapies. Armed with cutting-edge technology and a passion for innovation, we leverage the vast landscape of data to extract actionable insights that drive informed decision making Our unique collaborative approach fosters a dynamic synergy between data science, product development, pharmaceutical industry experts, and engineering. Our deep expertise in artific…",https://www.adzuna.co.uk/jobs/land/ad/5753048687?se=NtZRMhZm8RGOccqhHlf4XA&utm_medium=api&utm_source=057dc159&v=4523FA951C19316FD80E43B8F361831D542628BC,data scientist
Data Scientist,True North Group,"Manchester, Greater Manchester",IT Jobs,50000.0,100000.0,permanent,2026-06-05T11:04:24Z,"Our dedicated Data Science team is at the forefront of revolutionizing pharma intelligence and how patients gain access to life-saving therapies. Armed with cutting-edge technology and a passion for innovation, we leverage the vast landscape of data to extract actionable insights that drive informed decision making Our unique collaborative approach fosters a dynamic synergy between data science, product development, pharmaceutical industry experts, and engineering. Our deep expertise in artific…",https://www.adzuna.co.uk/jobs/land/ad/5753044106?se=NtZRMhZm8RGOccqhHlf4XA&utm_medium=api&utm_source=057dc159&v=12B167564122E9A21500A4B345AED28012FEC85F,data scientist
Data Scientist,Michael Page Technology,"London, UK",IT Jobs,63391.98,63391.98,contract,2026-06-10T03:36:32Z,"We're looking for a Data Scientist to design, build, and deploy production-ready statistical and machine learning models that power advanced analytics. You'll work across a multidisciplinary team to deliver scalable, interpretable solutions using Python and robust modelling techniques . Client Details Our client is a globally recognised provider of independent market intelligence, delivering data-driven insights and forecasts across countries, industries, and risk domains. They partner with lea…",https://www.adzuna.co.uk/jobs/land/ad/5757951709?se=NtZRMhZm8RGOccqhHlf4XA&utm_medium=api&utm_source=057dc159&v=ED976115362FACC23558497C2449A082A6C82786,data scientist
Senior Data Scientist,MASS Consultants,UK,IT Jobs,65000.0,65000.0,permanent,2026-06-09T11:16:32Z,"Senior Data Scientist St Neots (PE19) Salary £45,000 - £65,000 DOE 25 days annual leave inclusive of up to 3 days Christmas shut-down Buy or sell up to 5 days annual leave Two pension schemes to choose from Private Medical Insurance  discounts for additional family members Life Assurance scheme up to 4 x salary Share Save scheme Electric/Hybrid Car leasing scheme Cycle to work scheme Retail discounts Continuous Professional development support As our Data Intelligence capability continues to gr…",https://www.adzuna.co.uk/jobs/land/ad/5757058922?se=NtZRMhZm8RGOccqhHlf4XA&utm_medium=api&utm_source=057dc159&v=3A945B304172AFED008BE0FD84D58C3662BC9ACE,data scientist
Data Scientists (SC Cleared),Experis,"Up Hatherley, Cheltenham",IT Jobs,161200.0,176800.0,contract,2026-06-08T08:05:21Z,"Applied Data Scientist - AI & National Security Programme ?? Cheltenham Area - on site The Opportunity We are seeking talented Applied Data Scientists to join a cutting-edge programme, supporting UK intelligence clients. You will be part of a programme focused on artificial intelligence, machine learning, advanced analytics, and modern cloud-native technologies within a highly secure environment. What You'll Be Doing As an Applied Data Scientist, you will: Work on complex challenges across AI, …",https://www.adzuna.co.uk/jobs/land/ad/5756067110?se=NtZRMhZm8RGOccqhHlf4XA&utm_medium=api&utm_source=057dc159&v=CBDB9381E59CE5CF6BE40F2EB65C6C29726DBFC1,data scientist
Data Science Analyst,Lloyd Recruitment Services Ltd,"Crawley, West Sussex",IT Jobs,60000.0,70000.0,contract,2026-06-01T20:18:13Z,"Data Science Analyst - Travel £60,000 - £70,000 Pro Rata (DOE) | Outskirts of Crawley | Hybrid Working (2 Days Office / 3 Days WFH) | Immediate Start | Potential Permanent Opportunity Lloyd Recruitment Services is pleased to be working with a leading travel and leisure organisation to recruit a Data Science Analyst for a newly created position within their Commercial team. Reporting to the Commercial lead, this is an exciting opportunity to join a well-established organisation that is investing…",https://www.adzuna.co.uk/jobs/land/ad/5748035594?se=NtZRMhZm8RGOccqhHlf4XA&utm_medium=api&utm_source=057dc159&v=50DFA2776EABB54738B01B943CCABE39E1AC7826,data scientist
Senior Data Scientist,TXP Technology x People,"London, UK",IT Jobs,182000.0,221000.0,contract,2026-05-20T19:04:11Z,"Senior Data Scientist - Contract £700-£850 per day | Inside IR35 | Hybrid (1 day per week London) We're looking for a Senior Data Scientist to design and deliver advanced risk and predictive models within complex, highly regulated environments. This role sits at the intersection of analytics, risk, and decision science, focusing on building models that enable organisations to identify emerging threats, quantify risk exposure, and make informed, evidence-based decisions. You'll work across large…",https://www.adzuna.co.uk/jobs/land/ad/5735315735?se=NtZRMhZm8RGOccqhHlf4XA&utm_medium=api&utm_source=057dc159&v=31D907AD704381881D17744F72B87B8689680A40,data scientist
Lead Data Scientist,Adria Solutions,"Manchester, Greater Manchester",IT Jobs,60000.0,80000.0,permanent,2026-05-20T01:06:20Z,"Lead Data Scientist - Manchester My client is seeking a Lead Data Scientist to own and drive the end-to-end data science strategy across high-impact business domains (e.g., risk, fraud, affordability, customer value). This role will translate complex, real-world financial data into production-grade machine learning systems that deliver measurable commercial and customer outcomes. The successful candidate will lead model development from ideation through deployment and monitoring, working closel…",https://www.adzuna.co.uk/jobs/land/ad/5734557302?se=NtZRMhZm8RGOccqhHlf4XA&utm_medium=api&utm_source=057dc159&v=1B9A0142A6B751A642B90ABFA421B090F4F187D2,data scientist
Applied Data Scientist,Morgan McKinley,"London, UK",IT Jobs,91000.0,113100.0,contract,2026-05-19T18:53:46Z,Applied Data Scientist - Commercial Analytics & Market Intelligence Initial 6 month contract | London or Reading - hybrid working | £350pd-£435pd inside IR35 We're partnering with a global organisation seeking a Data Science Engineer to play a key role in shaping data-driven commercial strategy across their Education business. This is a highly impactful opportunity focused on building sophisticated market intelligence and predictive analytics models that directly influence go-to-market strategy…,https://www.adzuna.co.uk/jobs/land/ad/5734204522?se=NtZRMhZm8RGOccqhHlf4XA&utm_medium=api&utm_source=057dc159&v=8181E1BE55C07F082EBCE9ACA921163D390C04F8,data scientist
Data Science Trainee,ITOL Recruit,"Barking, Essex",IT Jobs,30000.0,50000.0,permanent,2026-05-27T11:47:55Z,"Artificial Intelligence is used in every industry and as artificial intelligence requires data to operate there is now a massive growing demand for Data experts. If you are detail orientated, perceptive, organised, competent, analytical and can communicate well with those around you; you could have a truly rewarding future within Data Science. We use our specialised Data Science Career programme which looks to assist, train and place qualified candidates into a career pathway in Data Science. O…",https://www.adzuna.co.uk/jobs/land/ad/5742144863?se=NtZRMhZm8RGOccqhHlf4XA&utm_medium=api&utm_source=057dc159&v=C36F28AE2CEAAC2923E78D8A0406631618C9E611,data scientist
Data Science Trainee,ITOL Recruit,"Grimsby, North East Lincolnshire",IT Jobs,30000.0,50000.0,permanent,2026-05-20T11:01:22Z,"Artificial Intelligence is used in every industry and as artificial intelligence requires data to operate there is now a massive growing demand for Data experts. If you are detail orientated, perceptive, organised, competent, analytical and can communicate well with those around you; you could have a truly rewarding future within Data Science. We use our specialised Data Science Career programme which looks to assist, train and place qualified candidates into a career pathway in Data Science. O…",https://www.adzuna.co.uk/jobs/land/ad/5735048342?se=NtZRMhZm8RGOccqhHlf4XA&utm_medium=api&utm_source=057dc159&v=54C75A59660641AE895732B79934D1FBF062F849,data scientist
Data Science Trainee,ITOL Recruit,"London, UK",IT Jobs,30000.0,50000.0,permanent,2026-05-20T10:53:10Z,"Artificial Intelligence is used in every industry and as artificial intelligence requires data to operate there is now a massive growing demand for Data experts. If you are detail orientated, perceptive, organised, competent, analytical and can communicate well with those around you; you could have a truly rewarding future within Data Science. We use our specialised Data Science Career programme which looks to assist, train and place qualified candidates into a career pathway in Data Science. O…",https://www.adzuna.co.uk/jobs/land/ad/5735046928?se=NtZRMhZm8RGOccqhHlf4XA&utm_medium=api&utm_source=057dc159&v=0EACAA4797CEF50B49F9619D1501571FA3FF9968,data scientist
Product Data Scientist,Harnham - Data & Analytics Recruitment,"London, UK",IT Jobs,75000.0,85000.0,permanent,2026-05-19T18:58:34Z,"PRODUCT DATA ANALYST / SCIENTIST UP TO £85,000 HYBRID - LONDON 2x PER WEEK  1x MONTHLY TEAM TRAVEL *Please note, you must be a UK resident and citizen to apply* THE COMPANY Backed by private equity, this fast-growing consumer technology business is on a mission to become more product-focused and deliver greater personalisation for its users. With strong leadership and exciting growth plans, they're now looking for a senior-level Product Data Analyst/Scientist to help shape product strategy and …",https://www.adzuna.co.uk/jobs/land/ad/5734216605?se=NtZRMhZm8RGOccqhHlf4XA&utm_medium=api&utm_source=057dc159&v=2C416B40ED8C3AD22BECD48E3A9FA718CEFF5CEF,data scientist
Lead Data Scientist,Harnham - Data & Analytics Recruitment,"London, UK",IT Jobs,117000.0,124800.0,contract,2026-06-10T19:37:34Z,"Lead Data Scientist England £450-£480 Per Day, Outside IR35 Remote Immediate Start The Company They are a specialist organisation working at the forefront of AI-driven customer engagement. Their focus is on enabling highly personalised, real-time decisions across digital channels using advanced analytics and machine learning. The business combines deep domain expertise with strong delivery capability, supporting enterprise clients across multiple sectors. The Role and Deliverables You will take…",https://www.adzuna.co.uk/jobs/land/ad/5758687569?se=NtZRMhZm8RGOccqhHlf4XA&utm_medium=api&utm_source=057dc159&v=EE4424835A477BDA8627755F612DD33FCD53FE18,data scientist
Senior Data Scientist,True North Group,"London, UK",IT Jobs,90000.0,135000.0,permanent,2026-06-08T19:25:30Z,"Senior Data Scientist ABOUT THE COMPANY The company is a group of established pharmaceutical and healthcare intelligence solution providers that support clients across the drug development life cycle, from pipeline through to patient access. THE TEAM The Data Science team focuses on developing AI, machine learning, and advanced analytics solutions that turn complex healthcare and pharmaceutical data into actionable insights for customers. The team works collaboratively across data science, prod…",https://www.adzuna.co.uk/jobs/land/ad/5756446229?se=NtZRMhZm8RGOccqhHlf4XA&utm_medium=api&utm_source=057dc159&v=671C1C0364BE583A0BAEEA8D264704ABB6FBE860,data scientist
Senior Data Scientist - Belfast,MCS Group,"Belfast, Northern Ireland",IT Jobs,85000.0,85000.0,,2026-06-02T03:11:28Z,"Senior Data Scientist - (FDI Scale-Up) MCS Group are delighted to be working with an exciting, fast-growing global SaaS business that is building an AI-driven platform helping some of the world's largest companies understand and improve profitability. Their platform brings together financial, sales, HR, and operational data into one place, giving businesses a clear, real-time view of where they are making and losing money - right down to transaction level, powered by AI and advanced analytics. …",https://www.adzuna.co.uk/jobs/land/ad/5748606747?se=NtZRMhZm8RGOccqhHlf4XA&utm_medium=api&utm_source=057dc159&v=2C47B0C08416B45AE25E70F86F01BEFDEFA63E5C,data scientist
Data Scientist,McCabe & Barton,"London, UK",IT Jobs,52381.27,52381.27,,2026-05-21T15:51:52Z,"Data Scientist Data Scientist London | Hybrid McCabe & Barton is supporting the growth of a newly established Analytics & Advisory function within a global insurance organisation. This is an exciting opportunity for a commercially minded Data Scientist to work with real-world insurance, market and client data, helping drive insight-led decision making across pricing, portfolio analytics, client segmentation and operational performance. Key experience sought: • Strong Python or R capability • SQ…",https://www.adzuna.co.uk/jobs/land/ad/5736523854?se=NtZRMhZm8RGOccqhHlf4XA&utm_medium=api&utm_source=057dc159&v=680403F9C7825B3D159E27557264A1F11D69A443,data scientist
Associate Data Scientist,Lorien,"London, UK",IT Jobs,57574.03,57574.03,,2026-06-01T20:10:35Z,"Data Scientist Location: London We're looking for a Data Scientist with circa 2-3 years' experience to join a growing data science team. This is a hands-on role where you'll apply your skills to real-world problems, working alongside experienced practitioners and contributing to meaningful, production-focused work. What you'll be doing Designing and delivering data science solutions to solve business problems Applying statistical and analytical techniques to explore data and test hypotheses Wri…",https://www.adzuna.co.uk/jobs/land/ad/5747999613?se=NtZRMhZm8RGOccqhHlf4XA&utm_medium=api&utm_source=057dc159&v=6F49DDFA89A0E2722D1B057429A26449518FB017,data scientist
Data Science Trainee,ITOL Recruit,"Birmingham, West Midlands",IT Jobs,30000.0,50000.0,permanent,2026-05-28T12:02:00Z,"Data Science Trainee – No Experience Needed Build a future-proof career in Data & AI – starting today. Artificial Intelligence runs on data — and businesses are crying out for professionals who can collect, analyse, and interpret it. Looking for a career change? Want something analytical, structured, and financially rewarding? Or maybe you're ready to break into tech but don’t know where to start? ITOL Recruit’s Data Analyst Career Programme is designed to take you from complete beginner to emp…",https://www.adzuna.co.uk/jobs/land/ad/5743379245?se=NtZRMhZm8RGOccqhHlf4XA&utm_medium=api&utm_source=057dc159&v=99C47810568C543FCE90FE0C51431F65D63DAA4E,data scientist
Senior Data Science Consultant,Deerfoot Recruitment Solutions Ltd,"London, UK",IT Jobs,60000.0,70000.0,permanent,2026-05-15T18:50:31Z,"Senior Data Science Consultant £60k - £70k  bonus and benefits (multiple positions available at different levels) London, Manchester or Glasgow / Hybrid Are you ready to work at the forefront of Agentic AI, GenAI and Data Science transformation? This is your opportunity to join a high-growth consulting environment where innovation, creativity and cutting-edge technology come together to solve complex business challenges for major clients. You'll play a key role in delivering impactful AI and an…",https://www.adzuna.co.uk/jobs/land/ad/5730475458?se=NtZRMhZm8RGOccqhHlf4XA&utm_medium=api&utm_source=057dc159&v=027F95B9AF5879E3862141D3CF024856EC52A19E,data scientist
Data Science / ML Engineer,Sanderson,"Glasgow City Centre, Glasgow",IT Jobs,14560.0,156000.0,contract,2026-05-22T19:10:49Z,Data Science / ML Engineer (Contract) Glasgow (1 day per week) 600/day (Outside IR35) 3 Months We're hiring a hands-on ML Engineer to help a growing data-led marketing business unlock the value of its dataset across lead generation and tender platforms. The role: Building intelligent models to predict which prospects are most likely to convert. Use LLMs to enrich CRM data and extract insight from transcription data. Identify key data signals driving revenue and optimise over time. Deploy soluti…,https://www.adzuna.co.uk/jobs/land/ad/5737806642?se=NtZRMhZm8RGOccqhHlf4XA&utm_medium=api&utm_source=057dc159&v=8A5FC6B3AEBF3A78B4269DF75A5891E070739195,data scientist
Data Scientist - ML Engineer,The National Institute for Health and Care Excellence ,"Manchester, Greater Manchester",IT Jobs,49387.0,56515.0,permanent,2026-06-08T19:24:56Z,"Data Scientist (ML Engineer) Salary: £49,387 - £56,515 per annum Location: Manchester Vacancy Type: Permanent Closing date: 18/06/2026 The National Institute for Health and Care Excellence (NICE) is the independent organisation responsible for providing national guidance and advice on promoting high quality health, public health and social care. We have modern offices in Manchester city centre and Stratford, London. Please take into consideration that you may be required to commute to one of ou…",https://www.adzuna.co.uk/jobs/land/ad/5756445972?se=NtZRMhZm8RGOccqhHlf4XA&utm_medium=api&utm_source=057dc159&v=C8680F7686722C74B0439E0059918808C607EEB0,data scientist
Data Scientist (ML Engineer),The National Institute for Health and Care Excellence ,"Manchester, Greater Manchester",IT Jobs,49387.0,56515.0,permanent,2026-06-03T20:13:32Z,"Data Scientist (ML Engineer) Location: Manchester Salary: £49,387 to £56,515 per annum Vacancy Type: Permanent, Full Time The closing date is 18 June 2026 Job summary Do you want to do meaningful work that makes a genuine difference to society? Our main purpose here at The National Institute for Health and Care Excellence (NICE) is to improve health and wellbeing by putting science and evidence at the heart of health and care decision-making. As an organisation we all collaborate to achieve thi…",https://www.adzuna.co.uk/jobs/land/ad/5750870985?se=NtZRMhZm8RGOccqhHlf4XA&utm_medium=api&utm_source=057dc159&v=2A09BE3937750EE3E0A3051643DD940AFC781D16,data scientist
Data Scientist - Defence & Security,Anson Mccade,"Manchester, Greater Manchester",IT Jobs,75000.0,75000.0,permanent,2026-05-02T15:32:16Z,"Data Scientist - Defence & Security £Up to £75,000 GBP Bonus Onsite WORKING Location: Manchester; Bristol; London , Central London, Greater London - United Kingdom Type: Permanent Data Scientist Specialist (MLOps & GenAI) Bristol | Onsite/Hybrid | Permanent Our client is a leading global technology and consulting organisation , recognised as one of Fortune's World's Most Admired Companies , delivering advanced data and AI solutions across highly secure government and defence environments. Due t…",https://www.adzuna.co.uk/jobs/land/ad/5717120708?se=NtZRMhZm8RGOccqhHlf4XA&utm_medium=api&utm_source=057dc159&v=0CFDADBEB1DF18572EB871D36CB8BA883568CE2D,data scientist
Data Scientist - Defence & Security,Anson Mccade,"Bristol, South West England",IT Jobs,75000.0,75000.0,permanent,2026-06-05T11:09:02Z,"Data Scientist - Defence & Security £Up to £75,000 GBP Bonus Onsite WORKING Location: Manchester; Bristol; London , Central London, Greater London - United Kingdom Type: Permanent Data Scientist Specialist (MLOps & GenAI) Bristol | Onsite/Hybrid | Permanent Our client is a leading global technology and consulting organisation , recognised as one of Fortune's World's Most Admired Companies , delivering advanced data and AI solutions across highly secure government and defence environments. Due t…",https://www.adzuna.co.uk/jobs/land/ad/5753058359?se=NtZRMhZm8RGOccqhHlf4XA&utm_medium=api&utm_source=057dc159&v=D33195C3D01CB6D52113AAE8B14D942231E63656,data scientist
Senior Data Scientist,Opus Recruitment Solutions Ltd,"London, UK",IT Jobs,60000.0,80000.0,permanent,2026-05-19T18:50:17Z,"Senior Data Scientist | Python ML | AUC-ROC | Dataiku | BigQuery | EducationTech | Remote, London | £80k Looking to help shape Data Strategy for a scaling Tech-for-Good business?I'm partnered with a AI-first data and analytics platform built for schools, multi-academy trusts and education groups. Their technology connects fragmented school data - attendance, behaviour, wellbeing, assessment, SEND and unstructured documents - and uses a multi-agent AI system to surface actionable insights for sc…",https://www.adzuna.co.uk/jobs/land/ad/5734203231?se=NtZRMhZm8RGOccqhHlf4XA&utm_medium=api&utm_source=057dc159&v=E6E7AC211E51156CB04BF1FDC0180B53595995B7,data scientist
Data Scientist - Agentic AI (Hybrid),Allstate Northern Ireland,"Belfast, Northern Ireland",IT Jobs,59779.37,59779.37,,2026-06-05T21:00:09Z,"At Allstate, great things happen when our people work together to protect families and their belongings from life's uncertainties. And for more than 90 years, our innovative drive has kept us a step ahead of our customers' evolving needs. From advocating for seat belts, air bags and graduated driving laws, to being an industry leader in pricing sophistication, telematics, and, more recently, device and identity protection. Your role in the team As a Data Scientist in Allstate's AI Risk, Governa…",https://www.adzuna.co.uk/jobs/land/ad/5753414084?se=NtZRMhZm8RGOccqhHlf4XA&utm_medium=api&utm_source=057dc159&v=B12122914048567AA9BED879FF28200963604ED9,data scientist
Data Scientist,G-Research,"London, UK",IT Jobs,48564.01,48564.01,,2026-05-25T15:19:07Z,"We tackle the most complex problems in quantitative finance, by bringing scientific clarity to financial complexity. From our London HQ, we unite world-class researchers and engineers in an environment that values deep exploration and methodical execution - because the best ideas take time to evolve. Together we’re building a world-class platform to amplify our teams’ most powerful ideas. Join a research team where curiosity meets scale. You’ll investigate foundational questions, uncover market…",https://www.adzuna.co.uk/jobs/land/ad/5740487542?se=NtZRMhZm8RGOccqhHlf4XA&utm_medium=api&utm_source=057dc159&v=A079783F1515DD97FF16EC87EAAB979FED87B446,data scientist
Data Science Consultant (Defence & National Security),Experis,UK,IT Jobs,50000.0,50000.0,permanent,2026-06-09T12:13:25Z,"* Active SC Clearance is required* Our client, a growing tech organisation, urgently require a Data Science Consultant to join their Defence & National Security team. You will design, build, and deploy scalable data pipelines and AI/ML solutions that directly support vital national security projects. In order to be successful, you will have the following experience: Experienced in the Python data stack (PySpark, numpy, pandas, scikit-learn, etc.) Experienced within AWS-based infrastructure and …",https://www.adzuna.co.uk/jobs/land/ad/5757185217?se=NtZRMhZm8RGOccqhHlf4XA&utm_medium=api&utm_source=057dc159&v=11FE342C7E47BBB18230CDFE2FC5B43AD0617218,data scientist
Data Scientist (Palantir / FDP essential),Hays Specialist Recruitment Limited,"London, UK",IT Jobs,145600.0,145600.0,contract,2026-06-11T23:44:38Z,Data Scientist (Palantir / FDP essential) - £560/day (Inside IR35) - RemoteYou will require Palantir (FDP) experience as well and UK Citizenship to apply I'm currently looking for an experienced Data Scientist with strong Data Engineering capability to join a high-profile public sector organisation working on a major digital screening programme.This is a genuinely impactful piece of work where you'll be shaping how data is used to drive decisions through modern dashboards and reporting products…,https://www.adzuna.co.uk/jobs/land/ad/5760596556?se=NtZRMhZm8RGOccqhHlf4XA&utm_medium=api&utm_source=057dc159&v=DFCBA65AA8E63F532A322B72AA2BFF5256D74C97,data scientist
"Data Center Facility Engineer, Data Center Engineering Operations",Amazon TA,"Charing Cross, Central London",IT Jobs,50372.37,50372.37,,2026-06-11T13:15:04Z,"AWS Infrastructure Services owns the design, planning, delivery, and operation of all AWS global infrastructure. In other words, we’re the people who keep the cloud running. We support all AWS data centers and all of the servers, storage, networking, power, and cooling equipment that ensure our customers have continual access to the innovation they rely on. We work on the most challenging problems, with thousands of variables impacting the supply chain — and we’re looking for talented people wh…",https://www.adzuna.co.uk/jobs/land/ad/5759905518?se=1P5lORZm8RGOccqhHlf4XA&utm_medium=api&utm_source=057dc159&v=916A8FD2103A024CA0357CBF59F13AEF30B6D17D,data engineer
Data Engineer,Version 1,"Belfast, Northern Ireland",IT Jobs,58870.26,58870.26,,2026-06-06T08:09:59Z,"Version 1 has celebrated over 29 years in Technology Services and continues to be trusted by global brands to deliver solutions that drive customer success. Our expertise enables our customers to navigate the rapidly changing Digital-First world we live in. We foster strong partnerships with leading technology giants including Microsoft, AWS, Oracle, Red Hat, OutSystems, Snowflake, ensuring that our customers are provided with the highest quality solutions and services. Were an award-winning em…",https://www.adzuna.co.uk/jobs/land/ad/5754136957?se=1P5lORZm8RGOccqhHlf4XA&utm_medium=api&utm_source=057dc159&v=47EC7B93C4E5C65EF3AE1B0D2576134F7E44CF8C,data engineer
Data Engineer,PA Consulting Services Ltd,"Belfast, Northern Ireland",IT Jobs,54708.52,54708.52,,2026-06-05T21:00:10Z,"Company description We believe in the power of ingenuity to build a positive human future. As strategies, technologies, and innovation collide, we create opportunity from complexity. Our teams of interdisciplinary experts combine innovative thinking and breakthrough technologies to progress further, faster. Our clients adapt and transform, and together we achieve enduring results. We are over 4,000 strategists, innovators, designers, consultants, digital experts, scientists, engineers, and tech…",https://www.adzuna.co.uk/jobs/land/ad/5753414115?se=1P5lORZm8RGOccqhHlf4XA&utm_medium=api&utm_source=057dc159&v=3C0BBA4CA8D6D3E2F61B84D690928BFF73B88708,data engineer
Data Engineer,Tenth Revolution Group,"London, UK",IT Jobs,55000.0,65000.0,permanent,2026-05-15T12:43:17Z,"Data Engineer Up to £65,000  benefits London (Hybrid - 2 days onsite) We are seeking a Data Engineer to join a fast-growing, analytics-focused environment operating at the intersection of sport and technology. You will play a key role in building and optimising scalable data infrastructure that supports decision-making from performance on the field through to commercial strategy off it. Working with large, complex datasets and modern cloud technologies, you will help design and deliver robust d…",https://www.adzuna.co.uk/jobs/land/ad/5730271409?se=1P5lORZm8RGOccqhHlf4XA&utm_medium=api&utm_source=057dc159&v=217F185613FF71BD06BC0D526EF273DD644C28A8,data engineer
Data Engineer,Robert Half,"London, UK",IT Jobs,60695.17,60695.17,contract,2026-05-20T00:56:42Z,"Robert Half Technology are assisting a rapidly growing sports fashion brand to recruit a Data Engineer on a contract basis. This is an exciting opportunity to join a fast-paced SME environment at a pivotal stage of growth, supporting the development and optimisation of a modern cloud-based data platform as the business continues to expand significantly. Role The Data Engineer will design, build, and maintain scalable data pipelines and ETL/ELT processes within a modern cloud data environment. D…",https://www.adzuna.co.uk/jobs/land/ad/5734555932?se=1P5lORZm8RGOccqhHlf4XA&utm_medium=api&utm_source=057dc159&v=18ED999AB1B3E6E14C158FE3D3FC64E590BEA3F7,data engineer
Data Engineer,Tenth Revolution Group,"Manchester, Greater Manchester",IT Jobs,40000.0,55000.0,permanent,2026-05-26T23:42:47Z,"Data Engineer - Manchester (Hybrid) - Python, Cloud, AI & Generative AI - up to £55,000 This is a great opportunity to join a well-established, global consulting organisation that's working on interesting, meaningful projects. The focus is on large-scale technology and transformation programmes, with plenty of opportunity to build practical AI and data solutions that are used in the real world. You'd be part of a team operating right at the heart of data and AI, tackling real problems for major…",https://www.adzuna.co.uk/jobs/land/ad/5741703451?se=1P5lORZm8RGOccqhHlf4XA&utm_medium=api&utm_source=057dc159&v=774A1B47BED96526FABEBC5329FCB77D15A754D5,data engineer
Data Engineer,Chapman Tate Associates,"Chippenham, Wiltshire",IT Jobs,45000.0,50000.0,permanent,2026-05-22T11:12:07Z,"Data Engineer Chippenham 5 days onsite We’re working with a forward-thinking, data-driven organisation looking to hire a Data Engineer to join their growing technology team. This is a fantastic opportunity for someone with a few years of experience who wants to deepen their expertise and progress into Microsoft Fabric, working on modern data platforms and scalable integration solutions. What You’ll Be Doing You’ll play a key role in designing, building, and supporting robust data pipelines and …",https://www.adzuna.co.uk/jobs/land/ad/5737510331?se=1P5lORZm8RGOccqhHlf4XA&utm_medium=api&utm_source=057dc159&v=70444A3C43F047C48FAAB65F7F296169819D7194,data engineer
Data Engineer,Robert Walters,"Manchester, Greater Manchester",IT Jobs,60000.0,65000.0,permanent,2026-05-17T23:10:12Z,"Data Engineer £60,000-£65,000 Manchester City Centre- Hybrid We are looking for highly skilled and experienced Azure Data Engineer to join a newly established team with a strong focus on data. In this role, you will play a key part in delivering a complex, high-impact project within the Financial Services / Capital Markets domain. The position centres on designing and building robust, scalable, and reusable data pipelines, transforming raw data into well-structured relational models. You will w…",https://www.adzuna.co.uk/jobs/land/ad/5732677772?se=1P5lORZm8RGOccqhHlf4XA&utm_medium=api&utm_source=057dc159&v=664D03118362541141BE88BA36F222E9EBB91BF1,data engineer
Data Engineer,Coburg Banks Limited,"Birmingham, West Midlands",IT Jobs,45000.0,53000.0,permanent,2026-05-22T15:09:51Z,"Role: Data Engineer Location: West Midlands - Hybrid 3 days per week in office Salary: £45,000 to £53,000 A leading organisation is looking for a Data Engineer to join its IT & Data team on a permanent basis. This role involves supporting and developing data systems, analytics solutions, and reporting infrastructure across the business.The company have a very friendly and supportive atmosphere. Key Responsibilities Design, build and maintain data warehouses and data models Develop and optimise …",https://www.adzuna.co.uk/jobs/land/ad/5737689949?se=1P5lORZm8RGOccqhHlf4XA&utm_medium=api&utm_source=057dc159&v=3B6CA0B222956BF5884EE0642880FF49B380134F,data engineer
Data Engineer,Diligenta,"Peterborough, Eastern England",IT Jobs,49825.55,49825.55,permanent,2026-06-08T19:26:04Z,"Data Engineer Who are Diligenta? Diligenta's vision is to be acknowledged as Best-in-class Platform-based Life and Pensions Administration Service provider. Customer service is at the heart of everything we do, and our aim is to transform our clients' operations. A business that has been described as ‘home’ by existing employees, we drive a culture that is founded on positive change and development. Summary of the role: As a Data Engineer you will be responsible for designing, developing and de…",https://www.adzuna.co.uk/jobs/land/ad/5756446447?se=1P5lORZm8RGOccqhHlf4XA&utm_medium=api&utm_source=057dc159&v=EE1FEA8FFCBD61DC79C60B761BD2B23CD2C1218B,data engineer
Data Engineer,Liquidline,"Ipswich, Suffolk",IT Jobs,50000.0,60000.0,permanent,2026-06-02T14:00:54Z,"Liquidline is the fastest-growing commercial coffee solutions provider in the UK and Ireland—not that we’re bragging! Our customers are companies that take pride in offering quality refreshments to their employees and clients. Our success is built on outstanding customer service, hard work, and a strong team culture. We believe in delivering WOW experiences to both our customers and our valued employees. We are proud to be Great Place to Work certified, a testament to our dedication to fosterin…",https://www.adzuna.co.uk/jobs/land/ad/5749223668?se=1P5lORZm8RGOccqhHlf4XA&utm_medium=api&utm_source=057dc159&v=38BF750500EA9C764638313B38CD2DB55B59FBE4,data engineer
Data Engineer,NOBUL RESOURCING SOLUTIONS LIMITED,"Manchester, Greater Manchester",IT Jobs,41000.0,41000.0,contract,2026-06-04T12:21:57Z,"Data Engineer 12 Month Fixed Term Contract Manchester - 1 day per week About Salix At Salix, we enable and inspire organisations to achieve net zero and create better places. We deliver and administer government funding schemes that improve energy efficiency, support clean power and help create warmer, healthier homes and resilient public buildings across the UK. Working with central government, local authorities, housing associations, universities, schools and hospitals, we combine funding del…",https://www.adzuna.co.uk/jobs/land/ad/5751935626?se=1P5lORZm8RGOccqhHlf4XA&utm_medium=api&utm_source=057dc159&v=C25A3C87E5350C364E4F1A56A84A91C191A80BC4,data engineer
Data Engineer,Hays Specialist Recruitment Limited,"Salisbury, Wiltshire",IT Jobs,45000.0,52750.0,permanent,2026-05-18T21:01:13Z,"Your new company We provide the support services that enable Armed Forces from around the world to prepare for frontline military operations across the UK Defence Training Estate (DTE). This includes maintaining and delivering safe and sustainable infrastructure, managing and operating training areas and ranges and delivering multi-million pound projects to improve vital training assets.By joining us you will be supporting our vision to provide the best training experience we can for our Armed …",https://www.adzuna.co.uk/jobs/land/ad/5733323997?se=1P5lORZm8RGOccqhHlf4XA&utm_medium=api&utm_source=057dc159&v=B05E6F4C0EA8576F6FA549577C52BC6F45449586,data engineer
Data Engineer,Noir,"Newcastle Upon Tyne, Tyne & Wear",IT Jobs,45000.0,80000.0,permanent,2026-06-01T07:54:52Z,"Data Engineer - FinTech - Newcastle (Tech stack: Data Engineer, SQL, Python, AWS, Git, Airflow, Data Pipelines, Data Platforms, Programmer, Developer, Architect, Data Engineer) Our client is a trailblazer in the FinTech space, known for delivering innovative technology solutions to global financial markets. They are expanding their engineering capability in Newcastle and are looking for a talented Data Engineer to join their team. This role will focus on building and optimising systems that mak…",https://www.adzuna.co.uk/jobs/land/ad/5747177304?se=1P5lORZm8RGOccqhHlf4XA&utm_medium=api&utm_source=057dc159&v=BEC5614A5EAF527FAA9B7356BC0E49318B234FDF,data engineer
Data Engineer,Harnham - Data & Analytics Recruitment,"London, UK",IT Jobs,40000.0,45000.0,permanent,2026-06-11T23:47:41Z,"DATA ENGINEER £45,000 UK This is a great opportunity to join a growing data team as they scale out a modern cloud-based platform. You'll gain hands-on experience with Databricks and work closely with experienced engineers in a highly collaborative environment, making it an ideal role for someone early in their career looking to develop quickly. THE COMPANY Our client is a well-established professional services organisation with a strong UK presence, currently investing heavily in its data and A…",https://www.adzuna.co.uk/jobs/land/ad/5760609134?se=1P5lORZm8RGOccqhHlf4XA&utm_medium=api&utm_source=057dc159&v=B22557BBBE5B8D658819AAF18ABBAEF00D562525,data engineer
Data Engineer,Harvey Nash,"Glasgow City Centre, Glasgow",IT Jobs,156000.0,156000.0,contract,2026-06-09T11:39:58Z,"Data Engineer | 6 Month Contract | (Inside IR35) | Hybrid, Glasgow| Starting ASAP Day Rate: £600 About the Role: As the Senior Data Engineer within Energy Markets you will be responsible for designing, building, managing, and optimizing data pipelines and the data model used by our Data Scientists and Traders. Working closely with Data Management teams on governance and security as well as business stakeholders around projects and IT teams to deliver these data pipelines and models effectively …",https://www.adzuna.co.uk/jobs/land/ad/5757088061?se=1P5lORZm8RGOccqhHlf4XA&utm_medium=api&utm_source=057dc159&v=A2853B5FD00A48F4A1877DCDAB17EC24226B08E2,data engineer
Data Engineer,Adecco,"Manchester, Greater Manchester",IT Jobs,64001.0,71468.0,contract,2026-06-10T19:41:20Z,Data Engineer Location: Mainly remote working - Adhoc visit maybe required to Manchester office Type: Temporary contract estimated to run 6 months with potential to be extended Salary: £30.77 - £34.62ph About the Role We're supporting a well-established organisation in the fintech sector who are in search of a skilled Data Engineer . This is a fantastic opportunity to join a forward-thinking business that places data at the centre of its operations and is investing heavily in its analytics capa…,https://www.adzuna.co.uk/jobs/land/ad/5758689234?se=1P5lORZm8RGOccqhHlf4XA&utm_medium=api&utm_source=057dc159&v=8EDACB8F8ABF0DACF661E43BF8BE77C2880D2AB9,data engineer
Data Engineer,Anson Mccade,"Newcastle Upon Tyne, Tyne & Wear",IT Jobs,57422.03,57422.03,permanent,2026-06-11T19:32:44Z,"Data Engineer Newcastle (Hybrid 3 days onsite) Permanent | Multiple levels (Senior Analyst / Specialist) Competitive salary  package Im currently working with a global consultancy to hire Data Engineers to join a growing Advanced Technology team delivering large-scale data solutions across public and private sector clients. This is a hands-on role where youll work with modern data technologies, building scalable pipelines and real-time data platforms that power analytics and AI-driven decision …",https://www.adzuna.co.uk/jobs/land/ad/5760142898?se=1P5lORZm8RGOccqhHlf4XA&utm_medium=api&utm_source=057dc159&v=A0AA780D62AF6E38CD79185927B4045D8DCB2C5F,data engineer
Data Engineering Manager,Ocho,"Belfast, Northern Ireland",IT Jobs,100000.0,100000.0,,2026-05-19T14:54:39Z,"Data Engineering Manager Remote | Fintech | Up to £110,000  Bonus Manager-level data engineering leadership role in a high-growth global fintech Own the roadmap for a high-impact transaction matching and data platform Hands-on technical leadership across ETL/ELT, Snowflake, DBT and cloud data architecture Fully remote working model Competitive salary plus bonus and benefits About the Company Our client is a global fintech organisation operating at significant scale, powering merchant commerce a…",https://www.adzuna.co.uk/jobs/land/ad/5734108094?se=1P5lORZm8RGOccqhHlf4XA&utm_medium=api&utm_source=057dc159&v=1AECEBD9C1A97B80D230C9455D0FCD8D2E92FB06,data engineer
Lead Data Engineer,Ocho,"Belfast, Northern Ireland",IT Jobs,90000.0,90000.0,permanent,2026-05-13T15:13:07Z,"Lead Data Engineer, Financial Services Belfast | Permanent | Hybrid Senior-level individual contributor / lead role within a growing Belfast practice Databricks on Azure at the core of the tech stack Financial Services domain: risk, trading, compliance, and regulatory data Hybrid working from Belfast city centre Salary: competitive, reflecting seniority and market rates About the Organisation Our client is a global professional services firm with a dedicated AI and Data practice focused on Fina…",https://www.adzuna.co.uk/jobs/land/ad/5728108887?se=1P5lORZm8RGOccqhHlf4XA&utm_medium=api&utm_source=057dc159&v=BFAFD702F3E2B9AAD168EACF30482E27A79ED0B1,data engineer
Principal Data Engineer,Instil Software,"Belfast, Northern Ireland",IT Jobs,74785.81,74785.81,,2026-06-10T14:28:45Z,"The Role We're looking for a Principal Data Engineer with extensive commercial experience building, supporting and leading data platforms and pipelines. You'll work hands-on across our cloud data stack, partnering with engineers, analysts and senior stakeholders to deliver reliable, well-modelled data that supports analytics and downstream use cases. This role is focused on practical delivery and technical leadership, designing, building and improving data pipelines, setting engineering standar…",https://www.adzuna.co.uk/jobs/land/ad/5758542281?se=1P5lORZm8RGOccqhHlf4XA&utm_medium=api&utm_source=057dc159&v=505CE15FEA6E543BEA8EF4872E441E8A60C4461F,data engineer
Principal Data Engineer,Everway,"Antrim, County Antrim",IT Jobs,102430.48,102430.48,permanent,2026-06-11T02:33:13Z,"Every mind is unique. Yet much of the world is still built for what's considered ""normal,"" leaving too many people behind. At Everway, we change that by creating technology that helps everyone understand and be understood. By understanding and addressing the unique needs of each individual, we're creating a world where differences are recognized and valued. Our careers fit real life. When you join us, you're not just taking a job. You're joining a movement to build a more neuroinclusive world. …",https://www.adzuna.co.uk/jobs/land/ad/5759298458?se=1P5lORZm8RGOccqhHlf4XA&utm_medium=api&utm_source=057dc159&v=2497AC386FA5BF4697726A21B011AF4781BE4C18,data engineer
Staff Data Engineer,Bazaarvoice Ltd,"Belfast, Northern Ireland",IT Jobs,42225.39,42225.39,,2026-05-21T09:28:00Z,"At Bazaarvoice, we create smart shopping experiences. Through our expansive global network, product-passionate community & enterprise technology, we connect thousands of brands and retailers with billions of consumers. Our solutions enable brands to connect with consumers and collect valuable user-generated content, at an unprecedented scale. This content achieves global reach by leveraging our extensive and ever-expanding retail, social & search syndication network. And we make it easy for bra…",https://www.adzuna.co.uk/jobs/land/ad/5736198816?se=1P5lORZm8RGOccqhHlf4XA&utm_medium=api&utm_source=057dc159&v=66B8D64D22016FF736674539E199F5E5F4DC142D,data engineer
Manufacturing Data Engineer,Astec Industries Europe Limited,"Omagh, Northern Ireland",Engineering Jobs,43906.24,43906.24,,2026-06-01T14:32:28Z,"Receives, reviews, and enters data into ERP computer system according to established procedures. Ensures accuracy and security of all data recorded within ERP system and performs database maintenance functions. Creates manufacturing BoM within ERP system. About The Role Data entry and processing for all products. Keep track of received data and source documents. Prepare and sort source documents, and identify and interpret data to be entered. Contact preparers of source documents to resolve que…",https://www.adzuna.co.uk/jobs/land/ad/5747664873?se=1P5lORZm8RGOccqhHlf4XA&utm_medium=api&utm_source=057dc159&v=627D8710E7DBBB83E9808895513413BB1A921B85,data engineer
Data Engineer,Barchester Healthcare,UK,IT Jobs,40000.0,40000.0,permanent,2026-05-12T20:06:03Z,"About the Role As a Data Engineer, you will maintain and enhance the organisation's data infrastructure, ensuring reliable, timely data is available for reporting and analysis. You will work with data warehouses, ETL pipelines, and reporting tools such as Tableau and SSRS to transform data into structured, accessible formats. You will collaborate with stakeholders to understand data requirements, deliver solutions, and support decision-making across the business. The role also involves managing…",https://www.adzuna.co.uk/jobs/details/5727032183?utm_medium=api&utm_source=057dc159,data engineer
Data Engineer,Sanderson,"Surrey, South East England",IT Jobs,35000.0,41000.0,permanent,2026-05-29T11:58:34Z,"Role : Data Engineer (Early Careers) Location : Surrey Salary : £41,000 Flexible working: 2 days a week in the office An exciting opportunity has arisen for an early careers Data Engineer to join a growing and highly collaborative data team supporting both business-critical operations and future-focused innovation projects. This role offers a mix of hands-on production support and strategic platform modernisation work within a modern Azure-based environment. You'll have the opportunity to contr…",https://www.adzuna.co.uk/jobs/land/ad/5744542890?se=1P5lORZm8RGOccqhHlf4XA&utm_medium=api&utm_source=057dc159&v=E9A6BEC2D59236B901C6F1C0854D7640C63035BF,data engineer
Data Engineer,Diligenta,"Edinburgh Technopole, Milton Bridge",IT Jobs,50661.33,50661.33,permanent,2026-06-08T19:25:25Z,"Data Engineer Who are Diligenta? Diligenta's vision is to be acknowledged as Best-in-class Platform-based Life and Pensions Administration Service provider. Customer service is at the heart of everything we do, and our aim is to transform our clients' operations. A business that has been described as ‘home’ by existing employees, we drive a culture that is founded on positive change and development. Summary of the role: As a Data Engineer you will be responsible for designing, developing and de…",https://www.adzuna.co.uk/jobs/land/ad/5756446198?se=1P5lORZm8RGOccqhHlf4XA&utm_medium=api&utm_source=057dc159&v=061356BC057C0BBBF446EA9668EEEC1A2F8236F3,data engineer
Data Engineer,Advanced Resource Managers Limited,"London, UK",IT Jobs,117000.0,130000.0,contract,2026-06-08T19:24:09Z,"Data Engineer 6-Month contract - Inside IR35 - up to £500 per day London based - hybrid working - 3 days a week onsite Asset Management sector Core Role Overview This is a hands-on Data Engineer position working on large-scale data platforms within a financial services environment, focused on building, optimising, and deploying scalable data solutions. The role requires someone who can operate across engineering, delivery, and stakeholder engagement - not just a technical coder. Key Skills (Mus…",https://www.adzuna.co.uk/jobs/land/ad/5756445706?se=1P5lORZm8RGOccqhHlf4XA&utm_medium=api&utm_source=057dc159&v=EBAD8B2145CE90D253B00B9360AB47658E92E9F4,data engineer
Data Engineer,Fusion People Ltd,"London, UK",IT Jobs,59800.0,59800.0,,2026-06-03T20:09:55Z,"Data Engineer Supervisor : I am looking for a Supervisor on the tools for a 3 month project, you will be looking after a team of around 4- engineers with the install of Cat 6 works. CSCS and ideally a SSSTS CIS Rate £230 per day PAYE Rate £185 per day If interested please apply with a CV and follow up with a call to Gary @ Fusion People Segensworth office for more info.  Fusion People are committed to promoting equal opportunities to people regardless of age, gender, religion, belief, race, sex…",https://www.adzuna.co.uk/jobs/land/ad/5750869398?se=1P5lORZm8RGOccqhHlf4XA&utm_medium=api&utm_source=057dc159&v=52C37084092239631A64DF210C5B33708C0AD88B,data engineer
SAS Data Engineer,83zero Limited,"Worthing, West Sussex",IT Jobs,70000.0,70000.0,permanent,2026-06-04T01:44:50Z,"SAS Data Engineer Salary: Up to £70,000  Benefits Location: UK (Public Sector Programme) Telford or Worthing Security Clearance: SC Eligibility Required We are currently seeking an experienced SAS Data Engineer to join a long-term public sector programme focused on modernising data platforms and delivering secure, reliable data solutions at scale. This is an excellent opportunity to work on meaningful projects that support essential public services while developing your technical skills within …",https://www.adzuna.co.uk/jobs/land/ad/5751306530?se=1P5lORZm8RGOccqhHlf4XA&utm_medium=api&utm_source=057dc159&v=6BFCE9EB0AB0E485BF8A549E77118FDF4053E290,data engineer
SAS Data Engineer,83zero Limited,"Telford, Shropshire",IT Jobs,70000.0,70000.0,permanent,2026-05-09T12:25:16Z,"SAS Data Engineer Salary: Up to £70,000  Benefits Location: Telford or Worthing(Public Sector Programme) Security Clearance: SC Eligibility Required We are currently seeking an experienced SAS Data Engineer to join a long-term public sector programme focused on modernising data platforms and delivering secure, reliable data solutions at scale. This is an excellent opportunity to work on meaningful projects that support essential public services while developing your technical skills within a co…",https://www.adzuna.co.uk/jobs/land/ad/5724092138?se=1P5lORZm8RGOccqhHlf4XA&utm_medium=api&utm_source=057dc159&v=9B7670D6703BCA063876E1DB7E7DC20DBD06EED9,data engineer
Senior Data Engineer,Yolk Recruitment Ltd,"Newport, Wales",IT Jobs,50000.0,58000.0,permanent,2026-05-19T00:54:39Z,"Senior Data Engineer - up to £58,000 - Hybrid (Newport 1 day a week) The Opportunity Yolk Recruitment Public Sector & Not-for-Profit team has partnered with a specialised Civil Service Organisation who are presently undergoing an interesting transformation into the cloud space. We are supporting them to recruit a Senior Data Engineer. This role is ideal for any data engineer who has extensive experience with Azure Data Factory and Python. What the Senior Data Engineer will be doing You will be …",https://www.adzuna.co.uk/jobs/land/ad/5733533956?se=1P5lORZm8RGOccqhHlf4XA&utm_medium=api&utm_source=057dc159&v=D366842FCD39A7C48EDBBF8981F6AD1F15761078,data engineer
Lead Data Engineer,Lorien,"London, UK",IT Jobs,86584.62,86584.62,,2026-06-01T20:18:38Z,"Lead Data Engineer Hands-on technical leadership building data systems that actually work We're looking for a Lead Data Engineer to join an enterprise data engineering capability and play a critical role in designing, building, and improving real-world data systems . This is not a line-management role . Instead, it's a senior, hands-on technical leadership position for someone with deep data engineering experience who leads through delivery, judgement, and technical credibility rather than hier…",https://www.adzuna.co.uk/jobs/land/ad/5748037070?se=1P5lORZm8RGOccqhHlf4XA&utm_medium=api&utm_source=057dc159&v=326824D9EE68888A604CC19E747E003902227645,data engineer
Data Engineering Manager,Tenth Revolution Group,"London, UK",IT Jobs,75000.0,100000.0,permanent,2026-05-20T14:58:44Z,"Data Engineering Manager - Up to £100,000 Location: UK-wide The Opportunity We're working with a leading data consultancy who specialise in delivering modern, cloud-based data platforms across a broad range of industries. They partner closely with clients to design and deliver scalable, high-quality data solutions using cutting-edge Microsoft technologies. This is an ideal role for a seasoned consultant who enjoys a blend of strategy, leadership, and hands-on engineering. The Role As a Data Eng…",https://www.adzuna.co.uk/jobs/land/ad/5735235811?se=1P5lORZm8RGOccqhHlf4XA&utm_medium=api&utm_source=057dc159&v=8CF5F65A76FEDB58BCFE5A7D663E37E038F8D329,data engineer
Data Engineering Manager,Tenth Revolution Group,"Manchester, Greater Manchester",IT Jobs,75000.0,100000.0,permanent,2026-05-20T14:58:59Z,"Data Engineering Manager - Up to £100,000 Location: UK-wide The Opportunity We're working with a leading data consultancy who specialise in delivering modern, cloud-based data platforms across a broad range of industries. They partner closely with clients to design and deliver scalable, high-quality data solutions using cutting-edge Microsoft technologies. This is an ideal role for a seasoned consultant who enjoys a blend of strategy, leadership, and hands-on engineering. The Role As a Data Eng…",https://www.adzuna.co.uk/jobs/land/ad/5735235901?se=1P5lORZm8RGOccqhHlf4XA&utm_medium=api&utm_source=057dc159&v=D6AA89F87881F29D1BAD9F2295A73566EE012C8F,data engineer
Data Engineering Manager,Tenth Revolution Group,"Edinburgh Technopole, Milton Bridge",IT Jobs,80000.0,100000.0,permanent,2026-05-20T14:55:07Z,"Data Engineering Manager - Up to £100,000 Location: UK-wide The Opportunity We're working with a leading data consultancy who specialise in delivering modern, cloud-based data platforms across a broad range of industries. They partner closely with clients to design and deliver scalable, high-quality data solutions using cutting-edge Microsoft technologies. This is an ideal role for a seasoned consultant who enjoys a blend of strategy, leadership, and hands-on engineering. The Role As a Data Eng…",https://www.adzuna.co.uk/jobs/land/ad/5735235129?se=1P5lORZm8RGOccqhHlf4XA&utm_medium=api&utm_source=057dc159&v=3380CA20CC0EC2CFFF253F819481B202D62E7496,data engineer
Data Engineering Manager,Tenth Revolution Group,"Sheffield, South Yorkshire",IT Jobs,75000.0,100000.0,permanent,2026-05-20T14:52:35Z,"Data Engineering Manager - Up to £100,000 Location: UK-wide The Opportunity We're working with a leading data consultancy who specialise in delivering modern, cloud-based data platforms across a broad range of industries. They partner closely with clients to design and deliver scalable, high-quality data solutions using cutting-edge Microsoft technologies. This is an ideal role for a seasoned consultant who enjoys a blend of strategy, leadership, and hands-on engineering. The Role As a Data Eng…",https://www.adzuna.co.uk/jobs/land/ad/5735234194?se=1P5lORZm8RGOccqhHlf4XA&utm_medium=api&utm_source=057dc159&v=77A5F1CD326E70C2CAD72DE5E1947D65EE5D1837,data engineer
Databricks Data Engineer,Akkodis,"Manchester, Greater Manchester",IT Jobs,40000.0,50000.0,permanent,2026-05-21T23:16:39Z,"Databricks Data Engineer Salary: £40K - £50K Location: Manchester Role Overview: Our client is seeking a Data Engineer to support the development, optimisation and ongoing improvement of a modern cloud-based data platform. This role would suit someone with strong hands-on Databricks experience who enjoys building reliable data pipelines, improving how data flows through the business, and creating trusted datasets for reporting and analytics. You will work across technical and non-technical team…",https://www.adzuna.co.uk/jobs/land/ad/5736987858?se=1P5lORZm8RGOccqhHlf4XA&utm_medium=api&utm_source=057dc159&v=4E3C7791AA14AD52800D63A84A5530A33F7C2BD4,data engineer
Head of Data Engineering,Tenth Revolution Group,"Birmingham, West Midlands",IT Jobs,95000.0,110000.0,permanent,2026-05-28T15:52:28Z,"Head of Data Engineering £95,000 - £110,000 We are recruiting a Head of Data Engineering to lead the Data and Software Engineering capabilities of our client during a critical period of growth. They are looking for someone who can join the leadership team and make a significant strategic impact. This is a hands-off leadership position, focused on engineering management, delivery, and governance rather than day-to-day technical contribution. The successful candidate will have a strong Data Engin…",https://www.adzuna.co.uk/jobs/land/ad/5743559670?se=1P5lORZm8RGOccqhHlf4XA&utm_medium=api&utm_source=057dc159&v=42C14147987905A68F57DE20AC41C8071A6670D0,data engineer
Data Engineer Manager,Tenth Revolution Group,"London, UK",IT Jobs,80000.0,95000.0,permanent,2026-05-18T17:01:52Z,"Data Engineering Manager - London (Hybrid) - Databricks/ Fabric - £competitive This is an opportunity to join a growing, highly regarded data consultancy that is delivering cutting-edge data engineering solutions across a range of industries. They have built a strong reputation for combining hands-on technical excellence with strategic delivery, working closely with clients to design and implement modern data platforms across Azure, Databricks and Microsoft Fabric. What makes them stand out is …",https://www.adzuna.co.uk/jobs/land/ad/5733241733?se=1P5lORZm8RGOccqhHlf4XA&utm_medium=api&utm_source=057dc159&v=CB6FCF9C3532B580D2E52207EB9129843BE7C0E6,data engineer
Lead Data Engineer,The Hyde Group,"London, UK",IT Jobs,68000.0,80400.0,permanent,2026-06-02T20:40:14Z,"Lead Data Engineer London Bridge £68,000 - £80,400 We’re looking for a Lead Data Engineer to play a pivotal role in shaping how Hyde uses data to make better decisions, improve services for residents and operate more effectively. This is an exciting opportunity for an experienced data professional to lead the development of modern, secure and scalable data solutions that support meaningful outcomes across the organisation. In this role, you’ll provide technical leadership across Hyde’s data pla…",https://www.adzuna.co.uk/jobs/land/ad/5749399575?se=1P5lORZm8RGOccqhHlf4XA&utm_medium=api&utm_source=057dc159&v=87FE8508C1E0CD5FD890C4D6416E9892C667D1DD,data engineer
Data Engineer - AWS,Coventry Building Society,"Coventry, West Midlands",IT Jobs,41430.0,55470.0,contract,2026-06-01T20:17:42Z,"About the role We have a number of Data Engineer opportunities, working in our Data and Analytics Delivery department. The Data Engineers will join the group on a 12-month fixed term contract to focus on the migration and integration of data into our new ecosystem.The Data Engineer will be designing, developing and testing quality data engineering solutions and will look to challenge and improve our processes, tools and approach. The person in post will undertake review and assurance activity, …",https://www.adzuna.co.uk/jobs/land/ad/5748031392?se=1P5lORZm8RGOccqhHlf4XA&utm_medium=api&utm_source=057dc159&v=4E99F090C2311F5DE4CEDF2657B050A45AC9E9B4,data engineer
Data Engineer - Newcastle,Tenth Revolution Group,"Newcastle Upon Tyne, Tyne & Wear",IT Jobs,45000.0,51000.0,permanent,2026-05-18T16:54:53Z,"Data & AI Engineer - Up to £50,000 Location: Newcastle - Hybrid Security Clearance: UK SC eligibility required The Opportunity We are supporting a leading organisation within the Technology and Data space that deliver technology-enabled transformations. This team specialises in building modern, data-driven solutions that enable better decision-making, automation, and innovation. This role is ideal for a Data Engineer or AI Engineer who enjoys working across the full data lifecycle and wants to …",https://www.adzuna.co.uk/jobs/land/ad/5733240279?se=1P5lORZm8RGOccqhHlf4XA&utm_medium=api&utm_source=057dc159&v=64836471033B2FB3FA2793F627C0CA62C3F437C2,data engineer
Senior Data Engineer,Tenth Revolution Group,"London, UK",IT Jobs,65000.0,75000.0,permanent,2026-05-15T12:43:51Z,"Senior Data Engineer Up to £75,000  benefits London (Hybrid - 2 days onsite) We are seeking a Senior Data Engineer to join a fast-growing, analytics-focused environment operating at the intersection of sport and technology. You will play a key role in architecting and evolving scalable data infrastructure that supports decision-making from performance on the field through to commercial strategy off it. Working with large, complex datasets and modern cloud technologies, you will help design and …",https://www.adzuna.co.uk/jobs/land/ad/5730271888?se=1P5lORZm8RGOccqhHlf4XA&utm_medium=api&utm_source=057dc159&v=3F6D90B04B17A4EBE66E80E89D6B550C251A6104,data engineer
Data Engineering Manager,Harnham - Data & Analytics Recruitment,"London, UK",IT Jobs,100000.0,120000.0,permanent,2026-06-01T23:56:23Z,"DATA ENGINEERING MANAGER £120,000 LONDON This is a unique opportunity to sit at the centre of a value creation function, shaping data platforms and AI capability across multiple businesses. You'll combine hands-on engineering with strategic influence, working closely with senior leaders to drive real commercial impact. THE COMPANY Our client is a highly successful investment firm focused on the lower mid-market. They are known for strong fund performance and a long-term, hands-on approach to su…",https://www.adzuna.co.uk/jobs/land/ad/5748393355?se=1P5lORZm8RGOccqhHlf4XA&utm_medium=api&utm_source=057dc159&v=B7D97828ADF432CBFC419050ACCD9340CCC2B642,data engineer
Machine Learning Engineer,MCS Group,"Belfast, Northern Ireland",IT Jobs,60000.0,60000.0,,2026-06-02T14:17:50Z,"MCS Group is working with an exciting, high-growth MedTech scale up that is using AI and machine learning to solve real-world healthcare challenges. As they continue to scale, they're looking for a Machine Learning Engineer to join their team to help build, deploy and optimise ML solutions that make a genuine impact. As an ML Engineer, you'll work closely with a talented team of engineers and data scientists, developing and productionising machine learning models in a modern AWS environment. We…",https://www.adzuna.co.uk/jobs/land/ad/5749237836?se=fltxQBZm8RGuw6H4-9IcyQ&utm_medium=api&utm_source=057dc159&v=C56B19A170A3A136EA6CA5C3B7DC0779584D4048,machine learning engineer
Machine Learning Engineer,Digital Waffle,"London, UK",IT Jobs,100000.0,120000.0,permanent,2026-05-29T15:59:29Z,"Machine Learning Engineer An AI-driven start-up, backed by $20M in Series A funding, is looking for its first Machine Learning Engineer to help scale their product and infrastructure. The platform transforms educational content into smart, personalised learning tools - and is already seeing rapid user growth and strong traction in the market. This is a unique opportunity to join early, influence the technical roadmap, and work directly with experienced founders and a senior engineering team. Wh…",https://www.adzuna.co.uk/jobs/land/ad/5744675948?se=fltxQBZm8RGuw6H4-9IcyQ&utm_medium=api&utm_source=057dc159&v=0726792E551298D152E5585638D8A12D5CB521BE,machine learning engineer
Machine Learning Engineer,Sanderson,"London, UK",IT Jobs,182000.0,195000.0,contract,2026-06-10T19:41:31Z,"Machine Learning Engineer £700-750/day overall assignment rate to umbrella Remote working - once a month onsite 6-month initial contract Working with a financial services client who are looking for a Machine Learning Engineer to design, build and deploy advanced analytical solutions that drive business value. This role is ideal for someone who combines strong statistical and machine learning expertise with hands-on experience productionising models and building scalable ML systems. Machine Lear…",https://www.adzuna.co.uk/jobs/land/ad/5758689333?se=fltxQBZm8RGuw6H4-9IcyQ&utm_medium=api&utm_source=057dc159&v=9A7D7DEAA11B412C3750F949F23A57602209C76C,machine learning engineer
Senior Machine Learning Engineer,Vermelo,"Manchester Science Park, Manchester",IT Jobs,52373.58,52373.58,permanent,2026-05-14T20:29:06Z,"Job title: Senior Machine Learning Engineer Locations: Manchester or Haywards Heath (hybrid working) Role overview Markerstudy Group are looking for a Senior Machine Learning Engineer to help take leading-edge and novel insurance risk modelling and pricing techniques and participate in creating fully automated machine learning pipelines. Markerstudy is a leading provider of private insurance in the UK, insuring around 5% of the private cars on the UK roads, 20% of commercial vehicles and over 3…",https://www.adzuna.co.uk/jobs/land/ad/5729455547?se=fltxQBZm8RGuw6H4-9IcyQ&utm_medium=api&utm_source=057dc159&v=9D2A3D71A1386858DF34A60F58E1D39D2AB42423,machine learning engineer
Machine Learning Engineer - Defence,Anson Mccade,"South East London, London",IT Jobs,90000.0,90000.0,permanent,2026-06-05T11:07:53Z,"Machine Learning Engineer - Defence ££60,000 - £90,000 GBP Hybrid WORKING Location: Manchester;Bristol;London;Newcaslte , Manchester, North West - United Kingdom Type: Permanent Machine Learning Engineer Newcastle | Manchester | Bristol | London | Hybrid | Permanent Our client is a specialist technology consultancy delivering high-impact engineering across defence and complex environments , supporting organisations operating in secure, mission-critical settings. The focus is on solving complex …",https://www.adzuna.co.uk/jobs/land/ad/5753053262?se=fltxQBZm8RGuw6H4-9IcyQ&utm_medium=api&utm_source=057dc159&v=76122259CE3706BB63DDDEA4079B83A30F5317B7,machine learning engineer
Machine Learning Engineer - Defence,Anson Mccade,"Manchester, Greater Manchester",IT Jobs,90000.0,90000.0,permanent,2026-06-05T11:07:53Z,"Machine Learning Engineer - Defence ££60,000 - £90,000 GBP Hybrid WORKING Location: Manchester;Bristol;London;Newcaslte , Manchester, North West - United Kingdom Type: Permanent Machine Learning Engineer Newcastle | Manchester | Bristol | London | Hybrid | Permanent Our client is a specialist technology consultancy delivering high-impact engineering across defence and complex environments , supporting organisations operating in secure, mission-critical settings. The focus is on solving complex …",https://www.adzuna.co.uk/jobs/land/ad/5753053235?se=fltxQBZm8RGuw6H4-9IcyQ&utm_medium=api&utm_source=057dc159&v=ED8351853021DF50C1A65DF976FC41C95CFDCE81,machine learning engineer
Machine Learning Engineer - Defence,Anson Mccade,"Bristol, South West England",IT Jobs,90000.0,90000.0,permanent,2026-06-05T05:55:52Z,"Machine Learning Engineer - Defence ££60,000 - £90,000 GBP Hybrid WORKING Location: Manchester;Bristol;London;Newcaslte , Manchester, North West - United Kingdom Type: Permanent Machine Learning Engineer Newcastle | Manchester | Bristol | London | Hybrid | Permanent Our client is a specialist technology consultancy delivering high-impact engineering across defence and complex environments , supporting organisations operating in secure, mission-critical settings. The focus is on solving complex …",https://www.adzuna.co.uk/jobs/land/ad/5752825685?se=fltxQBZm8RGuw6H4-9IcyQ&utm_medium=api&utm_source=057dc159&v=EF14E84A3E31DC67B242F5DB882FECF078339A2E,machine learning engineer
Machine Learning Engineer - TradingHub,TradingHub,"London, UK",IT Jobs,61592.27,61592.27,contract,2026-03-26T20:31:10Z,"Compensation: Competitive (Financial Services) About TradingHub Founded in 2010, TradingHub delivers uniquely intelligent trade surveillance software to world leading financial institutions. Developed by market professionals, our solutions use sophisticated modelling techniques to detect single and cross-product market manipulation. With a team of over 150 experts worldwide, TradingHub combines global reach with deep markets expertise to help our customers mitigate financial, regulatory, and re…",https://www.adzuna.co.uk/jobs/land/ad/5679575599?se=fltxQBZm8RGuw6H4-9IcyQ&utm_medium=api&utm_source=057dc159&v=026FEAA0CE51E563D392132745F8F75DAA61A171,machine learning engineer
Machine Learning Engineer - Defence,Anson McCade,"London, UK",IT Jobs,70266.97,70266.97,permanent,2026-06-05T13:48:54Z,"££60,000 - £90,000 GBP Hybrid WORKING Location: Manchester;Bristol;London;Newcaslte , Manchester, North West - United Kingdom Type: Permanent Machine Learning Engineer Newcastle | Manchester | Bristol | London | Hybrid | Permanent Our client is a specialist technology consultancy delivering high-impact engineering across defence and complex environments , supporting organisations operating in secure, mission-critical settings. The focus is on solving complex problems through advanced machine le…",https://www.adzuna.co.uk/jobs/land/ad/5753215670?se=fltxQBZm8RGuw6H4-9IcyQ&utm_medium=api&utm_source=057dc159&v=8272008FD9832AB1CD928DF0A2405F7B6CAF104E,machine learning engineer
Machine Learning Engineer,G-Research,"London, UK",IT Jobs,55714.02,55714.02,,2026-05-25T15:19:03Z,"We tackle the most complex problems in quantitative finance, by bringing scientific clarity to financial complexity. From our London HQ, we unite world-class researchers and engineers in an environment that values deep exploration and methodical execution - because the best ideas take time to evolve. Together we’re building a world-class platform to amplify our teams’ most powerful ideas. As part of our engineering team, you’ll shape the platforms and tools that drive high-impact research - des…",https://www.adzuna.co.uk/jobs/land/ad/5740487526?se=fltxQBZm8RGuw6H4-9IcyQ&utm_medium=api&utm_source=057dc159&v=0012E7057FB494834C841415EA12DBABF5BD93C5,machine learning engineer
Machine Learning Engineer (Recommenders),ASOS,"London, UK",IT Jobs,67745.95,67745.95,,2026-05-06T12:49:05Z,"We are seeking a Machine Learning Engineer with a strong foundation in Machine Learning/Deep Learning to join a cross-functional team. Youll work closely with data scientists and engineers to deliver impactful machine learning solutions across a wide range of data-rich challenges. In this role, youll contribute to developing and deploying advanced algorithms that influence key areas like pricing strategies and personalised customer targeting, all at enterprise scale. Key Responsibilities • Coll…",https://www.adzuna.co.uk/jobs/land/ad/5720324477?se=fltxQBZm8RGuw6H4-9IcyQ&utm_medium=api&utm_source=057dc159&v=C136B66748EA01A86936576AA76A1647483EBC5D,machine learning engineer
Senior Machine Learning Engineer,Deliveroo,"London, UK",IT Jobs,60576.11,60576.11,,2026-05-06T12:48:53Z,"Join us in our mission to transform the way people shop and eat, where impact, innovation and growth drive everything we do. Our Engineering teams tackle complex technical challenges across a global, three-sided marketplace, building and scaling systems that serve millions of customers, riders and partners every day. From real-time logistics to resilient infrastructure and marketplace optimisation, we design, build and operate technology that powers Deliveroo’s growth at scale. We’re looking fo…",https://www.adzuna.co.uk/jobs/land/ad/5720324153?se=fltxQBZm8RGuw6H4-9IcyQ&utm_medium=api&utm_source=057dc159&v=7B5BBA2759EE43AF6FC5EBEF5FFDDCA05B1AA5A9,machine learning engineer
Senior Machine Learning Engineer,SAGE GROUP PLC,"Newcastle Upon Tyne, Tyne & Wear",IT Jobs,89575.55,89575.55,,2026-05-06T12:48:13Z,"We are looking for a Senior ML Engineer to take technical ownership of our machine learning production environment. You will lead the transition of experimental models into production-grade services that are reliable, scalable, and cost-effective. Your mission is to build the ""highway"" that allows our data science team to deploy models rapidly while ensuring those models are observable and fiscally responsible. You will own the entire ML lifecycle—from automated training pipelines to real-time …",https://www.adzuna.co.uk/jobs/land/ad/5720323395?se=fltxQBZm8RGuw6H4-9IcyQ&utm_medium=api&utm_source=057dc159&v=726F32D40F3BC80B226767C83250E35627A3A10B,machine learning engineer
Senior Machine Learning Engineer – Personalisation,Deliveroo,"London, UK",IT Jobs,74814.06,74814.06,,2026-05-06T12:48:18Z,"Join us in our mission to transform the way people shop and eat, where impact, innovation and growth drive everything we do. Our Global engineering teams tackle complex technical challenges across a global, three-sided marketplace, building and scaling systems that serve millions of customers, riders and partners every day. We’re looking for a Senior Machine Learning Engineer to join our London office as part of a Global DoorDash engineering team (working hybrid, 3 days in the office). You’ll b…",https://www.adzuna.co.uk/jobs/land/ad/5720323693?se=fltxQBZm8RGuw6H4-9IcyQ&utm_medium=api&utm_source=057dc159&v=5D5236FA90315A029ECBAAF870C4D3412452F165,machine learning engineer
"Senior / Lead Machine Learning Engineer - TimeSeries, Pricing, Recommendation Engines, MLOps",Avanti,"London, UK",IT Jobs,90000.0,120000.0,permanent,2026-05-20T14:52:17Z,"Senior / Lead Machine Learning Engineer - Time-Series, Pricing, Customer Behaviour, Feature stores, MLOps London Hybrid | £100,000 – £120,000  Equity This is a genuinely interesting opportunity for someone who enjoys solving large-scale, real-world machine learning problems rather than purely experimental work. The team is building forecasting, recommendation, pricing, and AI-driven decision systems that operate across a huge global dataset, with models directly influencing commercial decisions…",https://www.adzuna.co.uk/jobs/land/ad/5735234089?se=fltxQBZm8RGuw6H4-9IcyQ&utm_medium=api&utm_source=057dc159&v=168356988332AE925BDCD08A5EEFA3F38CE1CC40,machine learning engineer
Machine Learning Engineer,ASOS,"London, UK",Engineering Jobs,51263.4,51263.4,,2026-06-05T22:28:40Z,"Job Description We’re looking for a Machine Learning Engineer to join our Search & Recommendations team , where we build the systems that power how customers discover products across ASOS. This is a highly impactful space - our recommendation and ranking models sit directly in the customer journey, powering experiences like “similar items”, “people also viewed”, and real‑time personalised journeys that adapt as customers browse. These systems run at global consumer scale, continuously learning …",https://www.adzuna.co.uk/jobs/details/5753634425?utm_medium=api&utm_source=057dc159,machine learning engineer
Machine Learning Engineer,Digital Waffle,"The City, Central London",IT Jobs,80000.0,100000.0,permanent,2026-06-09T22:51:37Z,"An AI-driven start-up, backed by $20M in Series A funding, is looking for its first Machine Learning Engineer to help scale their product and infrastructure. The platform transforms educational content into smart, personalised learning tools - and is already seeing rapid user growth and strong traction in the market. This is a unique opportunity to join early, influence the technical roadmap, and work directly with experienced founders and a senior engineering team. What you'll be doing: Design…",https://www.adzuna.co.uk/jobs/details/5757730709?utm_medium=api&utm_source=057dc159,machine learning engineer
Machine Learning Engineer,Olive Jar Digital,UK,IT Jobs,51905.73,51905.73,contract,2025-12-08T16:20:15Z,"FTC or Permanent UK-wide, Remote About the role Olive Jar Digital is seeking a Machine Learning Engineer to help design, build, and refine AI prototypes across multiple Discovery and Alpha initiatives. You will work at the intersection of engineering and data science - transforming experimental models into high-quality, scalable prototypes, shaping technical architecture, and ensuring robust deployment, testing, and documentation. This role is ideal for someone who enjoys hands-on technical pro…",https://www.adzuna.co.uk/jobs/details/5533597851?utm_medium=api&utm_source=057dc159,machine learning engineer
Machine Learning Engineer- World-Leading Prop Trading Fund,Oxford Knight,"London, UK",IT Jobs,63294.54,63294.54,,2026-04-07T13:37:49Z,"About the Position My client is a tech-centric prop trading fund, trading a wide range of financial products across the globe. Now looking for an engineer with robust experience in machine learning and strong mathematical foundations to join the growing ML team and to help drive the direction of the ML platform. Machine learning is a critical pillar of the fund's global business. The ever-evolving trading environment serves as a unique, rapid-feedback platform for ML experimentation, allowing n…",https://www.adzuna.co.uk/jobs/land/ad/5692096131?se=fltxQBZm8RGuw6H4-9IcyQ&utm_medium=api&utm_source=057dc159&v=0C3453BD7E6FA65C03A3506EBE05538006B16736,machine learning engineer
Machine Learning Engineer,SF Partners,"Balsall Heath, Birmingham",IT Jobs,60000.0,75000.0,,2026-06-01T22:58:14Z,"Machine Learning Engineer with generative AI, LLM or ML experience is sought by a high growth scale up based near Birmingham. Working at the forefront of national security innovation this Machine Learning Engineer will work within a R&D team collaborating with industry partners to turn ideas into production ready, market leading solutions. This role would suit a software engineer with a couple of years commercial experience within broad range of technologies and a demonstratable passion for AI/…",https://www.adzuna.co.uk/jobs/land/ad/5748260974?se=fltxQBZm8RGuw6H4-9IcyQ&utm_medium=api&utm_source=057dc159&v=9892054D5588E685DE3C2864CC4324F6FC400B83,machine learning engineer
Machine Learning Engineer,Hyper Recruitment Solutions LTD,"London, UK",IT Jobs,52748.12,52748.12,,2026-05-21T19:15:20Z,"ROLE OVERVIEW: We are currently looking for a Machine Learning Engineer to join a leading research organisation based in London. As Machine Learning Engineer, you will be responsible for advancing data-processing, model-building, and deployment capabilities for a pioneering research organisation. KEY DUTIES AND RESPONSIBILITIES: Your duties as the Machine Learning Engineer will be varied; however, the key duties and responsibilities are as follows: 1. Develop deep-learning pipelines for nuclear…",https://www.adzuna.co.uk/jobs/land/ad/5736663347?se=fltxQBZm8RGuw6H4-9IcyQ&utm_medium=api&utm_source=057dc159&v=8447B4B662717FAAE0B3CE4454EFAF7AFCEFD61B,machine learning engineer
Machine Learning Engineer,Platform Recruitment,"Farringdon, Central London",IT Jobs,60000.0,70000.0,,2026-06-02T14:36:13Z,"Job Title: Machine Learning Engineer Location: London Salary: Up to £70,000 DOE This is a unique opportunity for a Machine Learning Engineer to join a well-funded early-stage company building frontier AI systems focused on optimising complex operational environments. Working at the intersection of scientific machine learning, time-series modelling, optimisation, and real-world deployment, you will help shape products designed for measurable real-world impact. This is a hands-on engineering role…",https://www.adzuna.co.uk/jobs/land/ad/5749243663?se=fltxQBZm8RGuw6H4-9IcyQ&utm_medium=api&utm_source=057dc159&v=3B5B8DAA8A385676FD461476646D18E8FFF17D4A,machine learning engineer
Machine Learning Engineer,Randstad Technologies Recruitment,"Farringdon, Central London",IT Jobs,136500.0,185900.0,contract,2026-06-10T23:37:28Z,"Machine Learning Engineer Location: England, UK - Remote Duration: 6-Month Contract with potential extension Payrate: £525 - £715 per day Inside IR35 About the Role We are looking for a seasoned Machine Learning Engineer to join our Client Subscription Mission for a 6-month contract. In this role, you will bypass recommendation engines and generative AI to dive into classic production ML problems directly impacting business growth (MAUs and Subscriber metrics). Specifically, you will anchor the…",https://www.adzuna.co.uk/jobs/land/ad/5759190493?se=fltxQBZm8RGuw6H4-9IcyQ&utm_medium=api&utm_source=057dc159&v=2E65820F3D931B8402844729FAAD5F468ADE690C,machine learning engineer
Machine Learning Engineer,SF Partners Admin,"Birmingham, West Midlands",IT Jobs,75000.0,75000.0,,2026-06-02T03:43:47Z,"Machine Learning Engineer with generative AI, LLM or ML experience is sought by a high growth scale up based near Birmingham. Working at the forefront of national security innovation this Machine Learning Engineer will work within a R&D team collaborating with industry partners to turn ideas into production ready, market leading solutions. This role would suit a software engineer with a couple of years commercial experience within broad range of technologies and a demonstratable passion for AI/…",https://www.adzuna.co.uk/jobs/details/5748619172?utm_medium=api&utm_source=057dc159,machine learning engineer
Machine Learning Engineer,Emporia Consulting Group Limited,"The City, Central London",IT Jobs,0.0,260000.0,contract,2026-05-30T02:46:57Z,"A global leading business is hiring a Senior Machine Learning Engineer. Hybrid position. Paying up to £1000 per day. Outside IR35 Experience and skills required for the Senior Machine Learning Engineer, Quantisation, PEFT, DeepSpeed, ONNX, TensorRT, PyTorch, multi-LoRa, LoRA Exchange, TitanML ️ In depth experience with the following Machine Learning: Quantization, PEFT, DeepSpeed, ONNX, TensorRT Deep Learning with PyTorch Experience with Strong experience working with inference servers like mul…",https://www.adzuna.co.uk/jobs/details/5745121140?utm_medium=api&utm_source=057dc159,machine learning engineer
Machine Learning Engineer,Randstad Digital,"London, UK",IT Jobs,136500.0,185900.0,contract,2026-06-11T03:56:18Z,"Machine Learning Engineer Location: England, UK - Remote Duration: 6-Month Contract with potential extension Payrate: £525 - £715 per day Inside IR35 About the Role We are looking for a seasoned Machine Learning Engineer to join our Client Subscription Mission for a 6-month contract. In this role, you will bypass recommendation engines and generative AI to dive into classic production ML problems directly impacting business growth (MAUs and Subscriber metrics). Specifically, you will anchor the…",https://www.adzuna.co.uk/jobs/details/5759392852?utm_medium=api&utm_source=057dc159,machine learning engineer
Machine Learning Engineer,Spotify,UK,IT Jobs,40554.08,40554.08,,2026-04-01T05:09:47Z,"The Music Promotion team is building products that allow creators to promote their work to reach new audiences and create lasting connections with their fans. We’re looking for a Machine Learning Engineer to help us build systems that more accurately understand the performance that promotion can have, giving customers actionable insights for building their promotion strategies, whether it’s a DIY artist or an industry-facing partner. As an ML Engineer, you will help execute on strategies for un…",https://www.adzuna.co.uk/jobs/details/5684829420?utm_medium=api&utm_source=057dc159,machine learning engineer
Machine Learning Engineer,BeyondMath,"London, UK",Engineering Jobs,74071.4,74071.4,,2026-05-07T22:00:02Z,"Machine Learning Engineer BeyondMath is a pioneering startup, backed by top-tier VCs, on a mission to reshape the frontiers of engineering through Foundational AI models for Physics. We are replacing traditional, slow and expensive simulation methods with AI that rivals accuracy at orders of magnitude higher speed. We are moving beyond the ""generic AI"" hype to solve the world’s hardest physical engineering challenges in automotive, aerospace, and energy. The Role As a Machine Learning Engineer,…",https://www.adzuna.co.uk/jobs/details/5722147703?utm_medium=api&utm_source=057dc159,machine learning engineer
Machine Learning Engineer,Datatonic,"London, UK",IT Jobs,62826.18,62826.18,,2026-03-19T10:19:47Z,"Shape the Future of AI & Data with Us At Datatonic, we are Google Cloud's premier partner in AI, driving transformation for world-class businesses. We push the boundaries of technology with expertise in machine learning, data engineering, and analytics on Google Cloud. By partnering with us, clients future-proof their operations, unlock actionable insights, and stay ahead of the curve in a rapidly evolving world. Your Mission As a Machine Learning Engineer, you'll know how to engineer beautiful…",https://www.adzuna.co.uk/jobs/details/5671805506?utm_medium=api&utm_source=057dc159,machine learning engineer
Machine Learning Engineer,InterDigital,"London, UK",IT Jobs,55108.9,55108.9,,2026-01-11T09:27:51Z,"About InterDigital InterDigital is a global research and development company focused primarily on wireless, video, artificial intelligence (“AI”), and related technologies. We design and develop foundational technologies that enable connected, immersive experiences in a broad range of communications and entertainment products and services. We license our innovations worldwide to companies providing such products and services, including makers of wireless communications devices, consumer electro…",https://www.adzuna.co.uk/jobs/details/5579237351?utm_medium=api&utm_source=057dc159,machine learning engineer
Machine Learning Engineer,Brahma,UK,IT Jobs,55663.3,55663.3,,2026-05-07T21:50:22Z,"Description We are looking for a Machine Learning Engineer to join our team and help build state-of-the-art generative systems for video and audio synthesis, performance transfer, and visual translation. This role is hands-on and technical, requiring experience in training and deploying deep learning models, a solid engineering mindset, and the ability to work cross-functionally with research, product, and creative teams. As a senior member of the team, you’ll shape core infrastructure, set bes…",https://www.adzuna.co.uk/jobs/details/5722118808?utm_medium=api&utm_source=057dc159,machine learning engineer
Machine Learning Engineer,Deliveroo,"The City, Central London",Engineering Jobs,60886.66,60886.66,,2026-05-01T21:57:47Z,"Machine Learning Engineer Join us in our mission to transform the way people shop and eat, where impact, innovation and growth drive everything we do. Our Engineering teams tackle complex technical challenges across a global, three-sided marketplace, building and scaling systems that serve millions of customers, riders and partners every day. From real-time logistics to resilient infrastructure and marketplace optimisation, we design, build and operate technology that powers Deliveroo’s growth …",https://www.adzuna.co.uk/jobs/details/5716222485?utm_medium=api&utm_source=057dc159,machine learning engineer
Machine Learning Engineer,Trustpilot,"Edinburgh, Scotland",IT Jobs,64202.44,64202.44,,2026-06-03T10:23:05Z,"At Trustpilot, we're on an incredible journey. We're a profitable, high-growth FTSE-250 company with a big vision: to become the universal symbol of trust. We run the world's largest independent consumer review platform, and while we've come a long way, there's still so much exciting work to do. Come join us at the heart of trust! At Trustpilot, we’re looking for a Machine Learning Engineer who’s ready to tackle real-world challenges and help us build robust, scalable systems for our AI models.…",https://www.adzuna.co.uk/jobs/details/5750342789?utm_medium=api&utm_source=057dc159,machine learning engineer
Machine Learning Engineer,CoVar,UK,IT Jobs,96438.95,96438.95,,2026-04-03T11:11:17Z,"Machine Learning Engineer About CoVar CoVar is a small AI/ML R&D software company in Durham, NC, that uses artificial intelligence to solve problems that matter. We develop AI/ML tools to help the DoD detect enemies and threats, help biomedical researchers find new cures for diseases, and help monitor machinery to prevent injuries and environmental catastrophes. We are passionate engineers, dedicated to pushing the bounds of what AI/ML can do in the real world. About this position You will help…",https://www.adzuna.co.uk/jobs/details/5688569998?utm_medium=api&utm_source=057dc159,machine learning engineer
Machine Learning Engineer,Trustpilot,"London, UK",IT Jobs,64578.13,64578.13,,2026-06-03T10:29:16Z,"At Trustpilot, we're on an incredible journey. We're a profitable, high-growth FTSE-250 company with a big vision: to become the universal symbol of trust. We run the world's largest independent consumer review platform, and while we've come a long way, there's still so much exciting work to do. Come join us at the heart of trust! At Trustpilot, we’re looking for a Machine Learning Engineer who’s ready to tackle real-world challenges and help us build robust, scalable systems for our AI models.…",https://www.adzuna.co.uk/jobs/details/5750347084?utm_medium=api&utm_source=057dc159,machine learning engineer
Machine Learning Engineer,Almedia,"London, UK",IT Jobs,90000.0,220000.0,,2026-03-04T12:52:20Z,This isn’t your regular job. Almedia is a place where those who want to push harder can accelerate their careers faster than anywhere else. We’re aiming to become Germany’s second bootstrapped unicorn. Almedia is already Europe’s 3 fastest-growing company in 2025 (FT1000). We are building the future of marketing by rewarding our community of over 70 million users for engaging with our advertisers’ products. We are offering a new way to acquire users for the biggest companies in the world. Machi…,https://www.adzuna.co.uk/jobs/details/5653652509?utm_medium=api&utm_source=057dc159,machine learning engineer
Machine Learning Engineer,ClaimSorted,"London, UK",Engineering Jobs,90000.0,165000.0,,2026-05-07T21:49:05Z,"Machine Learning Engineer About Us ClaimSorted helps insurers outsource claims end to end – a service called Third-Party Administration (TPA), a ~$200B industry. We combine a strong in-house claims team with our AI-enabled platform to deliver up to 3× faster claims, better service, and better economics for insurers. Backed by Y Combinator, Atomico, and Eurazeo, we’ve raised $15M and already manage claims for over $100M in insurance premium across 30 MGAs, including more than five publicly trade…",https://www.adzuna.co.uk/jobs/details/5722112991?utm_medium=api&utm_source=057dc159,machine learning engineer
Machine Learning Engineer,algo1,"London, UK",IT Jobs,79135.31,79135.31,,2026-05-07T22:00:28Z,"About Us We are a VC-backed startup focused on hyper-personalisation, currently in stealth. Inspired by the latest in recommender systems, we leverage transformers and graph learning alongside decision-making models to build the most engaging customer experiences for in-store retail. Our mission is to change retail forever through hyper-personalised experiences that are both simple and beautiful. About the Role We are looking for a Machine Learning Engineer with strong software engineering fund…",https://www.adzuna.co.uk/jobs/details/5722148286?utm_medium=api&utm_source=057dc159,machine learning engineer
Machine Learning Engineer,Stint,"London, UK",IT Jobs,50000.0,200000.0,,2026-01-18T09:41:34Z,"At Stint, our machine learning engineers sit at the centre of how intelligence reaches the real world. You’ll work shoulder-to-shoulder with data scientists, researchers, and engineers to build models, architect data systems, and power decisions across thousands of hospitality sites. One day you might be building a demand forecasting model; the next you’re shaping data pipelines, deploying models into production, or tuning performance in a high-traffic environment. Your work will drive real-tim…",https://www.adzuna.co.uk/jobs/details/5590334435?utm_medium=api&utm_source=057dc159,machine learning engineer
Machine Learning Engineer,Mind Foundry,UK,IT Jobs,41942.56,41942.56,,2026-05-28T16:14:01Z,"We’re looking for a Machine Learning Engineer to join a supportive, multidisciplinary team developing AI/ML systems to solve critical Defence and National Security challenges. In this role , you’ll develop robust, production-ready machine learning solutions, exploring, prototyping, and deploying ML approaches from initial concept through to live operation. Working at the forefront of applied AI alongside experts across multiple disciplines, you’ll help users defend against Defence and National …",https://www.adzuna.co.uk/jobs/details/5743582926?utm_medium=api&utm_source=057dc159,machine learning engineer
Machine Learning Engineer,Huron Consulting Group,"Belfast, Northern Ireland",Engineering Jobs,79210.59,79210.59,,2025-12-25T20:17:36Z,"Huron is a global consultancy that collaborates with clients to drive strategic growth, ignite innovation and navigate constant change. Through a combination of strategy, expertise and creativity, we help clients accelerate operational, digital and cultural transformation, enabling the change they need to own their future. Join our team as the expert you are now and create your future. Machine Learning Engineer We're seeking a Machine Learning Engineer to join the Data Science & Machine Learnin…",https://www.adzuna.co.uk/jobs/details/5555943155?utm_medium=api&utm_source=057dc159,machine learning engineer
Machine Learning Engineer,PlayStation Global,"London, UK",IT Jobs,65311.14,65311.14,,2026-04-29T17:42:27Z,"Why Sony Interactive Entertainment? Sony Interactive Entertainment isn’t just the Best Place to Play — it’s also the Best Place to Work. Sony Interactive Entertainment (SIE) is the company behind the PlayStation brand. As a subsidiary of Sony Group Corporation, we’re part of a proud legacy of innovation and excellence. SIE is a dynamic technology company, delivering cutting-edge hardware and network services to more than 100 million people and an entertainment leader, home to some of the most b…",https://www.adzuna.co.uk/jobs/details/5713752846?utm_medium=api&utm_source=057dc159,machine learning engineer
Machine Learning Engineer,TradingHub,"London, UK",IT Jobs,61742.89,61742.89,contract,2026-03-28T11:37:24Z,"Compensation: Competitive (Financial Services) About TradingHub Founded in 2010, TradingHub delivers uniquely intelligent trade surveillance software to world leading financial institutions. Developed by market professionals, our solutions use sophisticated modelling techniques to detect single and cross-product market manipulation. With a team of over 150 experts worldwide, TradingHub combines global reach with deep markets expertise to help our customers mitigate financial, regulatory, and re…",https://www.adzuna.co.uk/jobs/details/5681253959?utm_medium=api&utm_source=057dc159,machine learning engineer
Machine Learning Engineer,Faculty AI,"London, UK",IT Jobs,54826.93,54826.93,,2026-02-25T15:02:49Z,"Why Faculty? We established Faculty in 2014 because we thought that AI would be the most important technology of our time. Since then, we’ve worked with over 350 global customers to transform their performance through human-centric AI. You can read about our real-world impact here . We don’t chase hype cycles. We innovate, build and deploy responsible AI which moves the needle - and we know a thing or two about doing it well. We bring an unparalleled depth of technical, product and delivery exp…",https://www.adzuna.co.uk/jobs/details/5644865866?utm_medium=api&utm_source=057dc159,machine learning engineer
Machine Learning Engineer,Orbital,"Lea Bridge, East London",Engineering Jobs,56710.3,56710.3,,2026-05-07T21:57:16Z,Orbital is an AI-first industrial company building hardware from the atoms up. Our goal is to lead an industrial renaissance to advance critical technologies and secure our planet for generations to come. We’re starting with critical hardware for AI data centers to make them more performant and sustainable. Every Orbital product is invented with our AI platform — uniting AI-automated hardware engineering with AI-designed material science to achieve breakthrough real-world performance. We have a…,https://www.adzuna.co.uk/jobs/details/5722144416?utm_medium=api&utm_source=057dc159,machine learning engineer
Business Analyst Trainee,ITOL Recruit,UK,IT Jobs,30000.0,39000.0,permanent,2026-06-01T17:30:25Z,"Are you looking to start a career as a Business Analyst (BA) and need tailored recruitment support and the right qualifications to secure your career? A business analyst is a problem solver who for example investigates an issue or area of weakness within an organisation, analyses solutions and helps facilitate the change that is needed. If you enjoy problem solving and analysing, have good admin skills and communicate well, then a career in this rewarding sector will suit you. Demand for junior…",https://www.adzuna.co.uk/jobs/land/ad/5747781968?se=xoFvRxZm8RG1SumIcG7pVg&utm_medium=api&utm_source=057dc159&v=A7048804ACB31DD5A3A47EDF6594AAB49C3CB1CA,business analyst
Trainee Business Analyst,IT Career Switch,UK,IT Jobs,25000.0,35000.0,permanent,2026-05-29T16:48:17Z,"Business Analyst Placement Programme - No Experience Required Our training will help you kick-start a new career in Business Analysis. We are recruiting for companies who are looking to employ our Business Analyst Traineeship graduates to support their continued growth. The best part is, you will not need any previous experience as full training will be provided. You will also have the reassurance of a job guarantee upon completion of the training programme. Whether you are working full time, p…",https://www.adzuna.co.uk/jobs/land/ad/5744684760?se=xoFvRxZm8RG1SumIcG7pVg&utm_medium=api&utm_source=057dc159&v=4474C904959B711E9F4CE39609B49F00940A1020,business analyst
Part-time Management Accountant / Business Analyst,Hays,"Norwich, Norfolk",Part time Jobs,32474.84,32474.84,,2026-04-22T19:01:34Z,"Part-Qualified Finance Business Partner / Management Accountant for a leading Norwich employer working 29.5hrs Your new company Hays Accountancy & Finance are supporting a leading research & development business in their search for a part-qualified Management Accountant / Business Analyst with strong finance business partnering skills and proven experience in reporting on operational management accounts, finance projects and grants. This will be a part-time role, working 29.5 hours a week. Your…",https://www.adzuna.co.uk/jobs/land/ad/5707331834?se=xoFvRxZm8RG1SumIcG7pVg&utm_medium=api&utm_source=057dc159&v=BEC32F4F5DA8ACE6BD89BE6579F62C995D19F784,business analyst
Business Analyst,Erin Associates,"Hull, East Riding Of Yorkshire",IT Jobs,45000.0,50000.0,permanent,2026-05-15T18:43:18Z,"Business Analyst – Hull / Hybrid £45,000 - £50,000  bonus, 35-hour work week and great benefits This profitable and growing organisation require an experienced Business Analyst, who has a proven track record of success as part of an agile delivery team. You will be joining an organisation that operate within the professional services sector but have a unique tech offering that sets them apart from competitors.As Business Analyst, you will support the business through the implementation and mana…",https://www.adzuna.co.uk/jobs/land/ad/5730474627?se=xoFvRxZm8RG1SumIcG7pVg&utm_medium=api&utm_source=057dc159&v=EED52E2D878F6013E61661EBED9C9330FB525157,business analyst
Business Analyst,MPJ Recruitment Ltd,"Manchester, Greater Manchester",IT Jobs,40000.0,45000.0,permanent,2026-06-04T12:17:45Z,"Business Analyst Monday-Friday 9am-5pm £40,000-£45,000 DOE Manchester About the Role We are looking for a motivated and analytical Business Analyst to join our team. In this role, you will work closely with stakeholders across the business to identify opportunities for improvement, gather and document requirements, and help deliver effective business and technology solutions. This is an excellent opportunity for someone who enjoys problem-solving, process improvement, and working in a collabora…",https://www.adzuna.co.uk/jobs/land/ad/5751932842?se=xoFvRxZm8RG1SumIcG7pVg&utm_medium=api&utm_source=057dc159&v=A17F8E3202141E7AAF89229564D0362671E9F988,business analyst
Business Analyst,Proactive Appointments,"Taunton, Somerset",IT Jobs,40000.0,50000.0,permanent,2026-05-22T11:12:52Z,"Business Analyst Taunton, Somerset | Permanent | Hybrid - 2 days per week on-site | Up to £50,000 per annum Our client are seeking to onboard a Business Analyst into their team on a permanent basis. This is an exciting time to join the business as they continue to deliver a number of business-critical projects and transformation initiatives. You will play a key role in translating strategic objectives into clear, actionable requirements, working closely with both stakeholders and technical team…",https://www.adzuna.co.uk/jobs/land/ad/5737510519?se=xoFvRxZm8RG1SumIcG7pVg&utm_medium=api&utm_source=057dc159&v=0E651C34F8557378D3CC914C226A7C333F8D1832,business analyst
Business Analyst,Tenth Revolution Group,"South West England, UK",IT Jobs,45000.0,65000.0,permanent,2026-06-02T22:14:49Z,"Business Analyst - Wiltshire (Hybrid) - ERP / SQL / Systems Integration - Up to £60,000 This is a opportunity for an experienced Business Analyst to join a well-established organisation operating across complex operational and systems-driven environments. The business is investing heavily in digital improvement and systems transformation and this role sits right at the centre of it. If you enjoy getting close to the business, understanding how things work and turning that insight into practical…",https://www.adzuna.co.uk/jobs/land/ad/5749715112?se=xoFvRxZm8RG1SumIcG7pVg&utm_medium=api&utm_source=057dc159&v=6CA1696231027FEC94A7B4C3C3EB673DB4B64309,business analyst
Business Analyst,Reed,"Newcastle Upon Tyne, Tyne & Wear",IT Jobs,55000.0,58000.0,permanent,2026-05-20T19:09:18Z,"We’re partnering with a highly regarded technology consultancy known for delivering large-scale, bespoke, business critical systems. Due to continued growth, they’re looking to appoint an ambitious Business Analysts to join their high performing delivery teams. This role is based in Newcastle Upon Tyne 3 days per week. The Opportunity This is a fantastic opportunity to work at the heart of complex, enterprise-scale technology programmes, where you’ll play a critical role in shaping solutions an…",https://www.adzuna.co.uk/jobs/land/ad/5735318326?se=xoFvRxZm8RG1SumIcG7pVg&utm_medium=api&utm_source=057dc159&v=E53822AAD4FDDC3999B8B1220AB80E73E37A83FA,business analyst
Business Analyst,e.surv Chartered Surveyors,"Newcastle Upon Tyne, Tyne & Wear",IT Jobs,24804.14,24804.14,permanent,2026-05-21T19:06:19Z,"LSL Estate Agency Franchising is looking for a proactive and detail-oriented Business Analyst to support our team in delivering transformational projects to our Estate Agency Franchisees across our LSL brands. The role is offered on a permanent full time position on a Hybrid basis from our Newcastle based office. Business / Systems Analyst Change & Transformation Team – LSL Property Services Role Purpose To support the Change & Transformation Team in understanding, analysing, and improving busi…",https://www.adzuna.co.uk/jobs/land/ad/5736661276?se=xoFvRxZm8RG1SumIcG7pVg&utm_medium=api&utm_source=057dc159&v=3FC8F0615997CD3EA009274204F015B667B1455E,business analyst
Business Analyst,Adria Solutions,"Manchester, Greater Manchester",IT Jobs,45000.0,60000.0,permanent,2026-06-04T22:26:56Z,"Business Analyst - Manchester Are you ready to join a forward-thinking, people-centred digital services business? My client is looking for a passionate Business Analyst to play a key role in their journey. You’ll be part of a collaborative, multi-disciplinary team, working closely with developers, product owners, and stakeholders to shape and deliver user-centred outcomes. This role goes beyond process analysis – it’s about driving business value, improving customer experiences, and helping sha…",https://www.adzuna.co.uk/jobs/land/ad/5752443883?se=xoFvRxZm8RG1SumIcG7pVg&utm_medium=api&utm_source=057dc159&v=C96EEC53B29548B54AE55F3483FC5E177C9C17FF,business analyst
Business Analyst,Nextech,"Horsham, West Sussex",IT Jobs,39000.0,40000.0,permanent,2026-06-10T15:40:04Z,"Business Analyst Location: Horsham (Hybrid) Salary: Up to £40,000 DOE *MUST HAVE VALID RIGHT TO WORK IN UK WITHOUT EVER NEEDING SPONSORSHIP* Our client is a well-established technology business with a strong reputation for delivering innovative software and digital solutions across a diverse customer base. Due to continued growth and investment in internal systems, they are looking to appoint a Software Business Analyst to support a range of business-critical projects. This is an excellent oppo…",https://www.adzuna.co.uk/jobs/land/ad/5758567642?se=xoFvRxZm8RG1SumIcG7pVg&utm_medium=api&utm_source=057dc159&v=E9C947F97874420BAEDC3B839E6A62050BA2FA54,business analyst
Business Analyst,Reed,"East Midlands, UK",IT Jobs,40000.0,45000.0,permanent,2026-06-03T20:15:50Z,"Business Analyst£45,0006 Month FTCEast Midlands (Hybrid working) We are working exclusively with a large, forward-thinking organisation seeking a Business Analyst to join their Digital & Technology team. This is an exciting opportunity to play a key role in delivering impactful digital and business change initiatives across a complex, multi-stakeholder environment.You will work closely with stakeholders to understand business needs, identify improvement opportunities, and support the successful…",https://www.adzuna.co.uk/jobs/land/ad/5750872058?se=xoFvRxZm8RG1SumIcG7pVg&utm_medium=api&utm_source=057dc159&v=B9A572F3F5BC238BF968C0B1DBEA510C6D12D13C,business analyst
Business Analyst,Yolk Recruitment Ltd,"Bristol, South West England",IT Jobs,50000.0,50000.0,permanent,2026-06-04T12:18:32Z,"Business Analyst Bristol | Hybrid Working | £50,000  Benefits We're working with a growing wealth management and financial advice business that is investing heavily in improving how it operates, serves clients and supports advisers. As part of this investment, they are building a dedicated Business Analysis & Change function and are looking to appoint a Business Analyst who understands how a financial advice business works in practice. This is not a highly technical Business Analyst position. I…",https://www.adzuna.co.uk/jobs/land/ad/5751934308?se=xoFvRxZm8RG1SumIcG7pVg&utm_medium=api&utm_source=057dc159&v=725F78FA58EDF8BB2BDCEEF844178A60DABC0B6D,business analyst
Business Analyst,Riverside Group,"Liverpool, Merseyside",IT Jobs,57271.0,63126.0,permanent,2026-06-09T17:39:26Z,"Job Title: Business Analyst Contract Type: Permanent Salary: £57270.60 (£63125.84 is achieved after 12 months successful performance in the role) Working Hours: 35 hours per week, full time Working Pattern: Monday to Friday, Hybrid Location: Liverpool, Speke If you share our values and are excited about making a significant impact at Riverside, please ensure you attach a current CV and covering letter. At Riverside we recruit to potential not just on skills and experience, so we encourage you t…",https://www.adzuna.co.uk/jobs/land/ad/5757413039?se=xoFvRxZm8RG1SumIcG7pVg&utm_medium=api&utm_source=057dc159&v=8929060BFE03FC83F962124F1B4010DF35C3A9ED,business analyst
Technical Business Analyst,PA Consulting Services Ltd,"Belfast, Northern Ireland",IT Jobs,46183.43,46183.43,,2026-06-05T21:00:10Z,"Company description We believe in the power of ingenuity to build a positive human future. As strategies, technologies, and innovation collide, we create opportunity from complexity. Our teams of interdisciplinary experts combine innovative thinking and breakthrough technologies to progress further, faster. Our clients adapt and transform, and together we achieve enduring results. We are over 4,000 strategists, innovators, designers, consultants, digital experts, scientists, engineers, and tech…",https://www.adzuna.co.uk/jobs/land/ad/5753414110?se=xoFvRxZm8RG1SumIcG7pVg&utm_medium=api&utm_source=057dc159&v=F5235150B14FF03F99D941F9C5142FAA4930327F,business analyst
Business Analyst,Robert Half,"London, UK",IT Jobs,79500.14,79500.14,contract,2026-06-04T04:11:07Z,"Robert Half Technology are assisting UK's market leading financial services organisation to recruit a Cyber Security Business Analyst - Privileged Access Management (PAM) on a 6-12 month contract basis - Hybrid working - London based Role The Business Analyst will gather, analyse, and document business and functional requirements for CyberArk Secure Cloud Access (SCA) and Secure Infrastructure Access (SIA) across Azure and AWS environments. Define secure access models covering identity-based ac…",https://www.adzuna.co.uk/jobs/land/ad/5751507005?se=xoFvRxZm8RG1SumIcG7pVg&utm_medium=api&utm_source=057dc159&v=8995128C4191CF3E67C900A43608C80998B87584,business analyst
Business Analyst,Nigel Wright Group,"Leeds, West Yorkshire",IT Jobs,50000.0,50000.0,permanent,2026-06-08T19:28:09Z,"The Opportunity Leeds (Hybrid – 3 days onsite)We are working with an organisation currently undergoing a significant transformation programme, as they evolve into a more technology-driven, integrated business.As part of this journey, they are looking to appoint a Transformation Business Analyst, a key, newly created role that will play a central part in shaping how transformation is delivered across the organisation. What you'll be doing? This is a unique opportunity to: Join at an early stage …",https://www.adzuna.co.uk/jobs/land/ad/5756447373?se=xoFvRxZm8RG1SumIcG7pVg&utm_medium=api&utm_source=057dc159&v=66E84D500BFBC2871BA38C7E963ED231C2F338AD,business analyst
Business Analyst,Sanderson,"Birmingham, West Midlands",IT Jobs,50000.0,57000.0,permanent,2026-06-08T19:22:41Z,"Business Analyst I am currently recruiting for a Business Analyst to join a leading financial services organisation based in the Midlands. Within this role, you will be required to work across a variety of programmes across a full project lifecycle within Agile and Waterfall environments Location - Midlands - two - three days per week onsite Duration - 12 Months FTC Responsibilities Leading the estimation, planning and definition of the business analysis workstream Eliciting and refining requir…",https://www.adzuna.co.uk/jobs/land/ad/5756445095?se=xoFvRxZm8RG1SumIcG7pVg&utm_medium=api&utm_source=057dc159&v=A0F93EBD724A930B140067542CC370404D4ED63A,business analyst
Business Analyst,Michael Page Technology,"Kettering, Northamptonshire",IT Jobs,42000.0,49350.0,permanent,2026-06-05T19:12:30Z,"An established consumer goods organisation is seeking a Business Analyst to partner with stakeholders in analysing processes, defining requirements, and delivering end-to-end IT solutions that drive business improvement. The role offers a hybrid working model, strong benefits, and the opportunity to work in a collaborative, inclusive environment supporting complex change initiatives. Client Details Our client, a well-established and values-driven organisation within the consumer goods sector, i…",https://www.adzuna.co.uk/jobs/land/ad/5753356319?se=xoFvRxZm8RG1SumIcG7pVg&utm_medium=api&utm_source=057dc159&v=C024E7374EEBABA8CE96CCFDBF2F935B2054C15F,business analyst
Business Analyst,Randstad Technologies,"London, UK",IT Jobs,104000.0,130000.0,,2026-05-26T11:45:18Z,"Role: Senior Business Analyst (Cyber Resilience & Operational Transformation) Sector: Utilities / Critical National Infrastructure (CNI) Location: UK (Hybrid) Purpose of the Role Lead the business analysis, requirement elicitation, and governance frameworks for critical cyber resilience and operational transformation initiatives. This position bridges corporate technology and site-based industrial systems to translate complex cyber security, data protection, and business continuity expectations…",https://www.adzuna.co.uk/jobs/land/ad/5741129171?se=xoFvRxZm8RG1SumIcG7pVg&utm_medium=api&utm_source=057dc159&v=79C375C26A097491DEBF0133022CD5E7F5DE9091,business analyst
Business Analyst,University of the Arts London,"London, UK",IT Jobs,44375.0,60784.0,permanent,2026-06-09T17:38:32Z,"University of the Arts London (UAL) is a world-leading creative University for teaching and research in art, design, fashion, communication and performing arts. UAL is made up of six renowned colleges and hosts several centres and institutes that further the University’s mission and social purpose, through the students and ideas we send out into the world and the partnerships we build to achieve social, environmental, and economic progress. Digital & Technology at UAL is on an exciting journey,…",https://www.adzuna.co.uk/jobs/land/ad/5757412744?se=xoFvRxZm8RG1SumIcG7pVg&utm_medium=api&utm_source=057dc159&v=8AE5F9A6257D2E920940DC20F7A967EBA754628E,business analyst
Business Analyst Manager,Metropolitan Thames Valley,"Boulevard Industrial Park, Beeston",IT Jobs,60000.0,60000.0,contract,2026-06-11T03:25:03Z,"Business Analyst Manager (known internally as Senior Business Analyst) 12-month FTC, Full-time, maternity cover (37.5 hours) Beeston, Nottingham: £57,526 - £60,553 Farringdon, London: £61,152 - £64,749 About Us : Metropolitan Thames Valley Housing has a vision that “everyone has a home and the opportunity to live well”; that means working with partners to create sustainable and vibrant neighbourhoods where our customers want to live. With 57,000 homes and more than 120,000 residents and custome…",https://www.adzuna.co.uk/jobs/land/ad/5759346938?se=xoFvRxZm8RG1SumIcG7pVg&utm_medium=api&utm_source=057dc159&v=416F519E98C458AF79998BF9B669D6521C123422,business analyst
Business Analyst (Cookstown),MCS Group,"Cookstown, Northern Ireland",IT Jobs,35000.0,35000.0,,2026-06-01T20:36:56Z,"Business Analyst Salary: £30,000 - £38,000 Location: Cookstown MCS are delighted to be exclusively partnering with an exciting software company that are hiring for a junior business analyst. This is a fantastic opportunity for an individual that is passionate about business processes and eager to grow their career in a dynamic environment. Within this role, you will be expected to work closely with senior stakeholders to drive the success of their cutting-edge software product which is being us…",https://www.adzuna.co.uk/jobs/land/ad/5748072906?se=xoFvRxZm8RG1SumIcG7pVg&utm_medium=api&utm_source=057dc159&v=5591BA91FEF6B8E8CA0D879586D5E7C25CA70856,business analyst
ERP Business Analyst,Ocho,"Belfast, Northern Ireland",IT Jobs,55000.0,55000.0,permanent,2026-05-28T14:42:27Z,"ERP Business Analyst Ballymena | Fully Onsite (5 Days) At a Glance Role Type:Permanent Location:Ballymena (fully onsite, 5 days per week) Environment:Large-scale ERP transformation programme Core Tech:Microsoft Dynamics 365 Finance and Operations Sector:Manufacturing Benefits:Pension, healthcare, early finish Fridays Who You'll Work For Our client is a well-established manufacturing organisation currently undergoing a large-scale ERP transformation. They are modernising their business systems a…",https://www.adzuna.co.uk/jobs/land/ad/5743544696?se=xoFvRxZm8RG1SumIcG7pVg&utm_medium=api&utm_source=057dc159&v=CC08F788D363E2FC0726890833FF0FB962FECB68,business analyst
Trainee Business Analyst,ITOL Recruit,"Nottingham, Nottinghamshire",IT Jobs,30000.0,39000.0,permanent,2026-06-03T16:17:45Z,"Are you looking to start a career as a Business Analyst (BA) and need tailored recruitment support and the right qualifications to secure your career? A business analyst is a problem solver who for example investigates an issue or area of weakness within an organisation, analyses solutions and helps facilitate the change that is needed. If you enjoy problem solving and analysing, have good admin skills and communicate well, then a career in this rewarding sector will suit you. Demand for junior…",https://www.adzuna.co.uk/jobs/land/ad/5750743287?se=xoFvRxZm8RG1SumIcG7pVg&utm_medium=api&utm_source=057dc159&v=04E9D1BCD584480141D243EE7B436BD77B535247,business analyst
Trainee Business Analyst,ITOL Recruit,"Sheffield, South Yorkshire",IT Jobs,30000.0,39000.0,permanent,2026-06-03T16:18:30Z,"Are you looking to start a career as a Business Analyst (BA) and need tailored recruitment support and the right qualifications to secure your career? A business analyst is a problem solver who for example investigates an issue or area of weakness within an organisation, analyses solutions and helps facilitate the change that is needed. If you enjoy problem solving and analysing, have good admin skills and communicate well, then a career in this rewarding sector will suit you. Demand for junior…",https://www.adzuna.co.uk/jobs/land/ad/5750743926?se=xoFvRxZm8RG1SumIcG7pVg&utm_medium=api&utm_source=057dc159&v=272B9D920BF67711DBFEB56BE72D8E88684790FB,business analyst
Trainee Business Analyst,ITOL Recruit,"Edinburgh Technopole, Milton Bridge",IT Jobs,30000.0,39000.0,permanent,2026-06-03T16:13:15Z,"Are you looking to start a career as a Business Analyst (BA) and need tailored recruitment support and the right qualifications to secure your career? A business analyst is a problem solver who for example investigates an issue or area of weakness within an organisation, analyses solutions and helps facilitate the change that is needed. If you enjoy problem solving and analysing, have good admin skills and communicate well, then a career in this rewarding sector will suit you. Demand for junior…",https://www.adzuna.co.uk/jobs/land/ad/5750742383?se=xoFvRxZm8RG1SumIcG7pVg&utm_medium=api&utm_source=057dc159&v=834A8AC033C53A0A8E5D73C34A35B60AE222BDCF,business analyst
Trainee Business Analyst,ITOL Recruit,"Bristol, South West England",IT Jobs,30000.0,39000.0,permanent,2026-06-01T12:01:52Z,"Are you looking to start a career as a Business Analyst (BA) and need tailored recruitment support and the right qualifications to secure your career? A business analyst is a problem solver who for example investigates an issue or area of weakness within an organisation, analyses solutions and helps facilitate the change that is needed. If you enjoy problem solving and analysing, have good admin skills and communicate well, then a career in this rewarding sector will suit you. Demand for junior…",https://www.adzuna.co.uk/jobs/land/ad/5747495397?se=xoFvRxZm8RG1SumIcG7pVg&utm_medium=api&utm_source=057dc159&v=96102A2A46F2A915F2142DCD877CD9D4EBD96A86,business analyst
Trainee Business Analyst,ITOL Recruit,"Enfield, London",IT Jobs,30000.0,39000.0,permanent,2026-05-28T11:55:08Z,"Are you looking to start a career as a Business Analyst (BA) and need tailored recruitment support and the right qualifications to secure your career? A business analyst is a problem solver who for example investigates an issue or area of weakness within an organisation, analyses solutions and helps facilitate the change that is needed. If you enjoy problem solving and analysing, have good admin skills and communicate well, then a career in this rewarding sector will suit you. Demand for junior…",https://www.adzuna.co.uk/jobs/land/ad/5743363320?se=xoFvRxZm8RG1SumIcG7pVg&utm_medium=api&utm_source=057dc159&v=ED5653B92BCF3CBECED0BD439699FBFF6464BB64,business analyst
Trainee Business Analyst,ITOL Recruit,"Coventry, West Midlands",IT Jobs,30000.0,39000.0,permanent,2026-05-20T11:00:21Z,"Are you looking to start a career as a Business Analyst (BA) and need tailored recruitment support and the right qualifications to secure your career? A business analyst is a problem solver who for example investigates an issue or area of weakness within an organisation, analyses solutions and helps facilitate the change that is needed. If you enjoy problem solving and analysing, have good admin skills and communicate well, then a career in this rewarding sector will suit you. Demand for junior…",https://www.adzuna.co.uk/jobs/land/ad/5735048136?se=xoFvRxZm8RG1SumIcG7pVg&utm_medium=api&utm_source=057dc159&v=F7617BABEE4895977467076C3EDBD1C1D3D7BA91,business analyst
Trainee Business Analyst,ITOL Recruit,"Liverpool, Merseyside",IT Jobs,30000.0,39000.0,permanent,2026-05-20T11:00:42Z,"Are you looking to start a career as a Business Analyst (BA) and need tailored recruitment support and the right qualifications to secure your career? A business analyst is a problem solver who for example investigates an issue or area of weakness within an organisation, analyses solutions and helps facilitate the change that is needed. If you enjoy problem solving and analysing, have good admin skills and communicate well, then a career in this rewarding sector will suit you. Demand for junior…",https://www.adzuna.co.uk/jobs/land/ad/5735048190?se=xoFvRxZm8RG1SumIcG7pVg&utm_medium=api&utm_source=057dc159&v=163E24423B0AC3DC555908A7754F8F1D3632DFCA,business analyst
Trainee Business Analyst,ITOL Recruit,"Leicester, Leicestershire",IT Jobs,30000.0,39000.0,permanent,2026-05-19T12:53:59Z,"Are you looking to start a career as a Business Analyst (BA) and need tailored recruitment support and the right qualifications to secure your career? A business analyst is a problem solver who for example investigates an issue or area of weakness within an organisation, analyses solutions and helps facilitate the change that is needed. If you enjoy problem solving and analysing, have good admin skills and communicate well, then a career in this rewarding sector will suit you. Demand for junior…",https://www.adzuna.co.uk/jobs/land/ad/5733974500?se=xoFvRxZm8RG1SumIcG7pVg&utm_medium=api&utm_source=057dc159&v=7E61028092A63A4BFEF9FA16D1A71B8B892BE7F6,business analyst
Trainee Business Analyst,ITOL Recruit,"Birmingham, West Midlands",IT Jobs,30000.0,39000.0,permanent,2026-06-03T16:21:05Z,"Are you looking to start a career as a Business Analyst (BA) and need tailored recruitment support and the right qualifications to secure your career? A business analyst is a problem solver who for example investigates an issue or area of weakness within an organisation, analyses solutions and helps facilitate the change that is needed. If you enjoy problem solving and analysing, have good admin skills and communicate well, then a career in this rewarding sector will suit you. Demand for junior…",https://www.adzuna.co.uk/jobs/land/ad/5750745652?se=xoFvRxZm8RG1SumIcG7pVg&utm_medium=api&utm_source=057dc159&v=B07C7EA2247B950AE688E91A47FA8FA63C86B95A,business analyst
Trainee Business Analyst,ITOL Recruit,"London, UK",IT Jobs,30000.0,39000.0,permanent,2026-05-28T12:00:44Z,"Are you looking to start a career as a Business Analyst (BA) and need tailored recruitment support and the right qualifications to secure your career? A business analyst is a problem solver who for example investigates an issue or area of weakness within an organisation, analyses solutions and helps facilitate the change that is needed. If you enjoy problem solving and analysing, have good admin skills and communicate well, then a career in this rewarding sector will suit you. Demand for junior…",https://www.adzuna.co.uk/jobs/land/ad/5743374951?se=xoFvRxZm8RG1SumIcG7pVg&utm_medium=api&utm_source=057dc159&v=A6D5606D7525BE2076FDFCDF2C92FB68E1130C24,business analyst
Trainee Business Analyst,ITOL Recruit,"Croydon, London",IT Jobs,30000.0,39000.0,permanent,2026-05-19T13:00:39Z,"Are you looking to start a career as a Business Analyst (BA) and need tailored recruitment support and the right qualifications to secure your career? A business analyst is a problem solver who for example investigates an issue or area of weakness within an organisation, analyses solutions and helps facilitate the change that is needed. If you enjoy problem solving and analysing, have good admin skills and communicate well, then a career in this rewarding sector will suit you. Demand for junior…",https://www.adzuna.co.uk/jobs/land/ad/5733977663?se=xoFvRxZm8RG1SumIcG7pVg&utm_medium=api&utm_source=057dc159&v=B0D5D9409141C786412F153254DE70DB95DA2C8A,business analyst
Trainee Business Analyst,ITOL Recruit,"Cardiff County, Wales",IT Jobs,30000.0,39000.0,permanent,2026-06-01T12:11:38Z,"Are you looking to start a career as a Business Analyst (BA) and need tailored recruitment support and the right qualifications to secure your career? A business analyst is a problem solver who for example investigates an issue or area of weakness within an organisation, analyses solutions and helps facilitate the change that is needed. If you enjoy problem solving and analysing, have good admin skills and communicate well, then a career in this rewarding sector will suit you. Demand for junior…",https://www.adzuna.co.uk/jobs/land/ad/5747514453?se=xoFvRxZm8RG1SumIcG7pVg&utm_medium=api&utm_source=057dc159&v=B670EFCE11006DA965F9561B84E1F5088501F165,business analyst
Trainee Business Analyst,ITOL Recruit,"Cannock, Staffordshire",IT Jobs,30000.0,39000.0,permanent,2026-05-27T11:39:20Z,"Are you looking to start a career as a Business Analyst (BA) and need tailored recruitment support and the right qualifications to secure your career? A business analyst is a problem solver who for example investigates an issue or area of weakness within an organisation, analyses solutions and helps facilitate the change that is needed. If you enjoy problem solving and analysing, have good admin skills and communicate well, then a career in this rewarding sector will suit you. Demand for junior…",https://www.adzuna.co.uk/jobs/land/ad/5742139680?se=xoFvRxZm8RG1SumIcG7pVg&utm_medium=api&utm_source=057dc159&v=C66BBBD57F67A818DB65D1892E8781A2C2E93226,business analyst
Trainee Business Analyst,IT Career Switch,"London, UK",IT Jobs,25000.0,35000.0,permanent,2026-05-29T15:54:45Z,"Business Analyst Placement Programme - No Experience Required Our training will help you kick-start a new career in Business Analysis. We are recruiting for companies who are looking to employ our Business Analyst Traineeship graduates to support their continued growth. The best part is, you will not need any previous experience as full training will be provided. You will also have the reassurance of a job guarantee upon completion of the training programme. Whether you are working full time, p…",https://www.adzuna.co.uk/jobs/land/ad/5744674867?se=xoFvRxZm8RG1SumIcG7pVg&utm_medium=api&utm_source=057dc159&v=54C18BF232EF14F874C0E1FA86C557D9E261BF27,business analyst
Manufacturing Business Analyst,Broster Buchanan,"Kettering, Northamptonshire",IT Jobs,50000.0,55000.0,permanent,2026-05-18T17:01:34Z,"Broster Buchanan are partnered with a household name manufacturing business who are looking for a Manufacturing Business Analyst to join their growing IT/Ops teams as part of a large scale OT programme within the business. They are looking for an experienced business analyst with hands on experience working with manufacturing systems, processes and people. The role is being offered on a hybrid basis with 2 days onsite in Kettering and 3 days remote, with a great benefits package as outlined bel…",https://www.adzuna.co.uk/jobs/land/ad/5733241656?se=xoFvRxZm8RG1SumIcG7pVg&utm_medium=api&utm_source=057dc159&v=E07EA7C144F00AF54B989BB2C62907885768605F,business analyst
Regulatory Business Analyst,Sanderson,"Cheshire, North West England",IT Jobs,130000.0,143000.0,contract,2026-05-19T14:48:52Z,"Senior Regulatory Business Analyst Rate - £500 - 550 per day (Inside IR35 - Umbrella company only) Length - 4 Months Initial (will be extended) Location - The North West (hybrid, once a fortnight in the office)Sanderson are helping to support a new Basel 3.1/SDDT implementation for a medium sized F/S client of ours. Day-to-day responsibilities:- Conduct regular regulatory reporting- Engage with stakeholders and build strong relationships to ensure project success- Update regulatory reporting sy…",https://www.adzuna.co.uk/jobs/land/ad/5734106227?se=xoFvRxZm8RG1SumIcG7pVg&utm_medium=api&utm_source=057dc159&v=043549CCF05AA230E2C1F4F8B5553DE4621EC36E,business analyst
Graduate Business Analyst,Harnham - Data & Analytics Recruitment,"Bournemouth, Dorset",Graduate Jobs,25000.0,28000.0,permanent,2026-06-04T22:34:07Z,"Graduate Business Analyst Bournemouth - 2 days onsite per week £28,000 This is an excellent entry route into data and analytics with a clear path for growth. You will sit at the intersection of business and data, learning how to translate real world problems into data driven solutions while gaining hands on experience across the full delivery lifecycle. The Company They are a well established UK organisation with a strong focus on leveraging data to improve decision making and operational perfo…",https://www.adzuna.co.uk/jobs/land/ad/5752448011?se=xoFvRxZm8RG1SumIcG7pVg&utm_medium=api&utm_source=057dc159&v=67351E65E8B6A235A9503A5DD1965E42A640955B,business analyst
Senior Business Analyst,The Gambling Commission,"Birmingham, West Midlands",IT Jobs,49000.0,49000.0,contract,2026-06-02T13:59:41Z,"Job title: Senior Business Analyst x 2 Location: Hybrid working – Birmingham office at least 1 day per week Contract: Fixed-term contract for 18 months for a short-term project or piece of work Hours: Full-time (37 hours per week) Salary: c. £49,000 per annum Grade: 12 Job Req: ICT71 and ICT75 The role: As a Senior Business Analyst, you will be working on large transformation programmes, supporting the Gambling Commission’s (the Commission) Corporate Strategy and Business Plan. You’ll be workin…",https://www.adzuna.co.uk/jobs/land/ad/5749216620?se=xoFvRxZm8RG1SumIcG7pVg&utm_medium=api&utm_source=057dc159&v=67ADBF82C2D21CC9E342422D33FA34838DFB7270,business analyst
Trainee Business Analyst,ITOL Recruit,"Birkenhead, Merseyside",IT Jobs,30000.0,39000.0,permanent,2026-06-09T11:38:03Z,"Are you looking to start a career as a Business Analyst (BA) and need tailored recruitment support and the right qualifications to secure your career? A business analyst is a problem solver who for example investigates an issue or area of weakness within an organisation, analyses solutions and helps facilitate the change that is needed. If you enjoy problem solving and analysing, have good admin skills and communicate well, then a career in this rewarding sector will suit you. Demand for junior…",https://www.adzuna.co.uk/jobs/land/ad/5757078172?se=xoFvRxZm8RG1SumIcG7pVg&utm_medium=api&utm_source=057dc159&v=8110ED0BB6DC5FA9FB15B1190150E69A55116982,business analyst
Trainee Business Analyst,ITOL Recruit,"Manchester, Greater Manchester",IT Jobs,30000.0,39000.0,permanent,2026-06-10T11:48:26Z,"Are you looking to start a career as a Business Analyst (BA) and need tailored recruitment support and the right qualifications to secure your career? A business analyst is a problem solver who for example investigates an issue or area of weakness within an organisation, analyses solutions and helps facilitate the change that is needed. If you enjoy problem solving and analysing, have good admin skills and communicate well, then a career in this rewarding sector will suit you. Demand for junior…",https://www.adzuna.co.uk/jobs/land/ad/5758362375?se=xoFvRxZm8RG1SumIcG7pVg&utm_medium=api&utm_source=057dc159&v=01A234C4CA8B3C66B4B049F3770602DBD0E85F00,business analyst
Trainee Business Analyst,ITOL Recruit,"Stoke-On-Trent, Staffordshire",IT Jobs,30000.0,39000.0,permanent,2026-06-10T11:48:29Z,"Are you looking to start a career as a Business Analyst (BA) and need tailored recruitment support and the right qualifications to secure your career? A business analyst is a problem solver who for example investigates an issue or area of weakness within an organisation, analyses solutions and helps facilitate the change that is needed. If you enjoy problem solving and analysing, have good admin skills and communicate well, then a career in this rewarding sector will suit you. Demand for junior…",https://www.adzuna.co.uk/jobs/land/ad/5758362436?se=xoFvRxZm8RG1SumIcG7pVg&utm_medium=api&utm_source=057dc159&v=9C270786EF5ADFC2F80D37B9514C0A089285DC55,business analyst
Salesforce Business Analyst,Understanding Recruitment,"London, UK",IT Jobs,61000.0,61000.0,permanent,2026-06-11T13:42:58Z,"Salesforce Business Analyst £61,000 London (Hybrid, 1-2 days per week in the office) I'm currently working with a forward thinking membership body to recruit a Salesforce Business Analyst to join their Digital, Data & Technology function focussing on business critical projects. This is an exciting opportunity to play a key role in a major period of digital transformation, supporting the successful delivery, optimisation, and adoption of platform solutions across one of the UK's most respected m…",https://www.adzuna.co.uk/jobs/land/ad/5759990836?se=xoFvRxZm8RG1SumIcG7pVg&utm_medium=api&utm_source=057dc159&v=D584853CC97420AD488DEF560E885B4D0D4EA77A,business analyst
Trainee Business Analyst,IT Career Switch,"York, North Yorkshire",IT Jobs,25000.0,35000.0,permanent,2026-06-10T15:39:00Z,"Business Analyst Placement Programme - No Experience Required Our training will help you kick-start a new career in Business Analysis. We are recruiting for companies who are looking to employ our Business Analyst Traineeship graduates to support their continued growth. The best part is, you will not need any previous experience as full training will be provided. You will also have the reassurance of a job guarantee upon completion of the training programme. Whether you are working full time, p…",https://www.adzuna.co.uk/jobs/land/ad/5758567395?se=xoFvRxZm8RG1SumIcG7pVg&utm_medium=api&utm_source=057dc159&v=8FA65D2B8FB768BC68E1A3C4D8BDE006F574E9A0,business analyst
Trainee Business Analyst,IT Career Switch,"Rotherham, South Yorkshire",IT Jobs,25000.0,35000.0,permanent,2026-06-10T15:39:07Z,"Business Analyst Placement Programme - No Experience Required Our training will help you kick-start a new career in Business Analysis. We are recruiting for companies who are looking to employ our Business Analyst Traineeship graduates to support their continued growth. The best part is, you will not need any previous experience as full training will be provided. You will also have the reassurance of a job guarantee upon completion of the training programme. Whether you are working full time, p…",https://www.adzuna.co.uk/jobs/land/ad/5758567414?se=xoFvRxZm8RG1SumIcG7pVg&utm_medium=api&utm_source=057dc159&v=995104C644355EF0F00AB9030BFB21917B5D41ED,business analyst
Trainee Business Analyst,IT Career Switch,"Peterborough, Eastern England",IT Jobs,25000.0,35000.0,permanent,2026-06-10T15:39:15Z,"Business Analyst Placement Programme - No Experience Required Our training will help you kick-start a new career in Business Analysis. We are recruiting for companies who are looking to employ our Business Analyst Traineeship graduates to support their continued growth. The best part is, you will not need any previous experience as full training will be provided. You will also have the reassurance of a job guarantee upon completion of the training programme. Whether you are working full time, p…",https://www.adzuna.co.uk/jobs/land/ad/5758567433?se=xoFvRxZm8RG1SumIcG7pVg&utm_medium=api&utm_source=057dc159&v=3D7F77AB1CCBFB8FF83E2085A074DAE6E53F53D1,business analyst
Trainee Business Analyst,IT Career Switch,"Glasgow City Centre, Glasgow",IT Jobs,25000.0,35000.0,permanent,2026-06-10T15:39:38Z,"Business Analyst Placement Programme - No Experience Required Our training will help you kick-start a new career in Business Analysis. We are recruiting for companies who are looking to employ our Business Analyst Traineeship graduates to support their continued growth. The best part is, you will not need any previous experience as full training will be provided. You will also have the reassurance of a job guarantee upon completion of the training programme. Whether you are working full time, p…",https://www.adzuna.co.uk/jobs/land/ad/5758567545?se=xoFvRxZm8RG1SumIcG7pVg&utm_medium=api&utm_source=057dc159&v=D8ACF1C4512647C960DF74A7B28FA8E45785C490,business analyst
Python Developer - Contract,VANRATH,"Belfast, Northern Ireland",IT Jobs,75000.0,75000.0,contract,2026-06-01T20:36:58Z,"Python Developer (FinTech) - Belfast (Hybrid) - Contract We are looking for an experienced Python Developer with a strong FinTech or Financial Services background to join a Belfast-based team on an initial 3-6 month contract. Location: Belfast (Hybrid) Contract: 3-6 Months Daily Rate Essential Skills 5 years of commercial Python development experience Previous experience within FinTech, Banking, Payments, or Financial Services Strong knowledge of Python and API development (FastAPI, Flask, or D…",https://www.adzuna.co.uk/jobs/land/ad/5748072929?se=_A1-ThZm8RGSwvN1B8zRZw&utm_medium=api&utm_source=057dc159&v=9BFF964753102BAF02E06C113F9A4732950CC998,python developer
Senior Python Developer,Ocho,"Belfast, Northern Ireland",IT Jobs,90000.0,90000.0,,2026-05-22T20:08:03Z,"Senior Python Developer needed to join the worlds newest IoT company Are you a Senior/Principal level Python developer looking for a new challenge? Do you want to work with some of the brightest minds in Northern Ireland? Want to work on true greenfield projects that nobody has done before? The Role In this hands on role, you'll be joining a small team of highly capable professionals responsible for designing, developing, and maintaining high-performance and scalable Applications using the Go p…",https://www.adzuna.co.uk/jobs/land/ad/5737819047?se=_A1-ThZm8RGSwvN1B8zRZw&utm_medium=api&utm_source=057dc159&v=C690513E75AB19F51D2DDFF569EB3138606B0D96,python developer
Backend Python Developer,XACT PLACEMENTS LIMITED,"London, UK",IT Jobs,60000.0,80000.0,permanent,2026-06-09T17:39:36Z,"Backend Python Developer (Azure AI) Location: Remote / Hybrid Type: Full-time Our client is a fast-growing consulting business building an AI-driven platform on native Microsoft Azure services. They are looking for a strong Backend Python Developer to join their team and play a key role in delivering scalable, AI-first solutions used for business automation, workflows, and intelligent agents. This is an opportunity to work in a lean, high-impact environment where speed, quality, and innovation …",https://www.adzuna.co.uk/jobs/land/ad/5757413119?se=_A1-ThZm8RGSwvN1B8zRZw&utm_medium=api&utm_source=057dc159&v=51804D006C90D9DADA9254C134C597E90C0F3D53,python developer
Python Developer - Citi,Citi,UK,IT Jobs,44064.8,44064.8,,2026-05-22T16:04:55Z,"Discover your future at Citi Working at Citi is far more than just a job. A career with us means joining a team of more than 230,000 dedicated people from around the globe. At Citi, you'll have the opportunity to grow your career, give back to your community and make a real impact. Job Overview The Applications Development Intermediate Programmer Analyst is an intermediate level position responsible for participation in the establishment and implementation of new or revised application systems …",https://www.adzuna.co.uk/jobs/land/ad/5737722188?se=_A1-ThZm8RGSwvN1B8zRZw&utm_medium=api&utm_source=057dc159&v=3FA89E1EEB02B136AE88D8605ADB6CBB951B4F47,python developer
Python Developer - mthree,mthree,"London, UK",IT Jobs,66663.34,66663.34,,2026-04-16T20:46:25Z,"We are hiring a skilled back-end Python Developer to join a high-performing technology team at a top-tier investment bank. You’ll be instrumental in delivering a greenfield system monitoring and performance analysis tool for global trading platforms – a solution that will provide critical insights into system health and behavior across the trading stack. This is a chance to build something from scratch, with full ownership of backend components, data ingestion, and real-time analytics in a Linu…",https://www.adzuna.co.uk/jobs/land/ad/5701585440?se=_A1-ThZm8RGSwvN1B8zRZw&utm_medium=api&utm_source=057dc159&v=0F1D07AD962303BFDDD3849F7DB492158E2F0900,python developer
Senior Backend Python Developer,Advanced Resource Managers Limited,"Leeds, West Yorkshire",IT Jobs,104000.0,117000.0,contract,2026-05-29T15:56:48Z,"Senior Backend Python Developer 6-Month contract - Inside IR35 - up to £450 per day Leeds based - hybrid working - 3 days onsite Responsibilities Build and maintain backend services and APIs in line with existing architectural patterns and standards. Implement business logic, data access layers, and integrations with internal and external systems. Develop and enhance RESTful APIs, following defined contracts and API standards. Write clean, maintainable, well-tested code, adhering to agreed engi…",https://www.adzuna.co.uk/jobs/land/ad/5744675336?se=_A1-ThZm8RGSwvN1B8zRZw&utm_medium=api&utm_source=057dc159&v=66D35ACDDCBBBBEF4238A319DC9943B51590ECE2,python developer
Senior Python Developer - AVP - Citi,Citi,UK,IT Jobs,45421.92,45421.92,,2026-05-22T16:04:56Z,"Discover your future at Citi Working at Citi is far more than just a job. A career with us means joining a team of more than 230,000 dedicated people from around the globe. At Citi, you'll have the opportunity to grow your career, give back to your community and make a real impact. Job Overview The Applications Development Senior Programmer Analyst is an intermediate level position responsible for participation in the establishment and implementation of new or revised application systems and pr…",https://www.adzuna.co.uk/jobs/land/ad/5737722199?se=_A1-ThZm8RGSwvN1B8zRZw&utm_medium=api&utm_source=057dc159&v=F3EE0259D33FA026D59328AF83E043D69DE13770,python developer
Senior Python Developer,FDM Group,"Leeds, West Yorkshire",IT Jobs,58116.52,58116.52,contract,2026-05-06T12:48:13Z,"About The Role FDM is a global business and technology consultancy seeking a Senior Python Developer to work for our client within the public sector. This is initially a 6 month contract with very good prospects to extend and will be a hybrid role that will be based in Leeds. We are seeking an experienced Senior Python Developer to design, build, and maintain secure, scalable digital solutions within a highly regulated environment. The role involves working on complex, integration‑heavy systems…",https://www.adzuna.co.uk/jobs/land/ad/5720323410?se=_A1-ThZm8RGSwvN1B8zRZw&utm_medium=api&utm_source=057dc159&v=D1C49A937570998C0A97E008CDA9A367960354EF,python developer
Python Developer- Innovative Algo Trading,Oxford Knight,"London, UK",IT Jobs,76244.55,76244.55,,2026-04-02T15:36:29Z,"Salary: up to £200k base  bonus Summary Fantastic opportunity for all-star coders at one of the world's top algorithmic trading firms. The Systems Development team builds and maintains the infrastructure and software platform used by all Systems teams to manage servers and networks. As a Python Developer, your workload will be varied, offering great opportunities to improve and have a huge impact. Your main focus will be tool development (in Python), both improving and integrating existing tool…",https://www.adzuna.co.uk/jobs/land/ad/5687571012?se=_A1-ThZm8RGSwvN1B8zRZw&utm_medium=api&utm_source=057dc159&v=9A8DBA49697DFC771A228BCAE2010E1EFC1301ED,python developer
Python Developers - Market Risk Technology AVP & VP,McGregor Boyall,"London, UK",IT Jobs,93708.27,93708.27,permanent,2026-06-11T13:43:47Z,"Senior Market Risk Technology Opportunities AVP & VP Level London - Hybrid working A leading global investment bank is investing heavily in the evolution of its cloud based risk management platform and is seeking multiple Senior Developers to join its Risk Technology division. The team is responsible for delivering market risk analytics, pricing infrastructure, market data platforms and risk reporting capabilities across equities, fixed income, credit, FX and commodities. Depending on the role,…",https://www.adzuna.co.uk/jobs/land/ad/5759991271?se=_A1-ThZm8RGSwvN1B8zRZw&utm_medium=api&utm_source=057dc159&v=8CAF0ECFDCEE1EBAA0A050D19FB828E7C570B08A,python developer
Python Developer - Quantitative Developer - Tribus,Tribus,"London, UK",IT Jobs,84048.67,84048.67,,2026-01-31T08:39:06Z,"Quantitative Developer – Research Team - Hong Kong - Relocation Packages A leading global trading firm is looking for a Quantitative Developer to join its research technology group. This team builds the infrastructure powering trading signal research, enabling researchers and traders to test and scale strategies across global markets. What you’ll do Design and build Python and C++ tools for quant research and signal generation Partner with researchers and traders to translate requirements into …",https://www.adzuna.co.uk/jobs/land/ad/5607327300?se=_A1-ThZm8RGSwvN1B8zRZw&utm_medium=api&utm_source=057dc159&v=586086EFD94076B106C220E6D79AA374A5EAC7AE,python developer
Python Software Developer,Opus Recruitment Solutions Ltd,"Newcastle Upon Tyne, Tyne & Wear",IT Jobs,91000.0,104000.0,,2026-06-09T17:38:39Z,"Python Software Developer (SC Cleared) Location: Hybrid 3 days onsite a week (Manchester/ Leeds/ Birmingham/ Newcastle/ London) Contract : 6 Months Security Requirement Active SC Clearance required Overview We are seeking experienced Python Software Developers to support the delivery of large-scale analytics and data-driven solutions within a secure enterprise environment. The successful candidates will work on cloud-based platforms, data processing pipelines, and secure integrations while coll…",https://www.adzuna.co.uk/jobs/land/ad/5757412787?se=_A1-ThZm8RGSwvN1B8zRZw&utm_medium=api&utm_source=057dc159&v=225AFF551F8985D9D8D6F1F7F199E88469C8428C,python developer
Python Developer - Fixed Income Trading Technology,Vertus Partners,"London, UK",IT Jobs,65309.96,65309.96,,2026-06-10T13:12:31Z,"We are currently recruiting for a Python Developer to join the Fixed Income trading technology team within a leading international Investment Bank. This is a core software engineering role focused on building production trading systems . We are looking for a core Python engineer who enjoys owning components, improving systems, and working closely with the business in a fast-paced trading environment (this is not a quant, data engineering or AI/ML role). You will sit within Front Office Technolo…",https://www.adzuna.co.uk/jobs/land/ad/5758430700?se=_A1-ThZm8RGSwvN1B8zRZw&utm_medium=api&utm_source=057dc159&v=128A9E674126F2B094DDA92BD522C6AB653C9CA3,python developer
Python Developer,Premier Group,"London, UK",IT Jobs,70000.0,75000.0,permanent,2026-05-20T01:35:16Z,"Python Developer London – Twice a week in the office £70,000-£75,000 I’m currently working for a Central London based tech consultancy of over 70 years who are looking for a Python Developer to come and join their growing team on a hybrid basis! The company is a serial award-winner and provide consultative bespoke tech services to industries such as healthcare, insurance, pensions, energy & sport across the UK and beyond. They are a growing development team of roughly 20 in total size, split ac…",https://www.adzuna.co.uk/jobs/details/5734586279?utm_medium=api&utm_source=057dc159,python developer
Python Developer,Noir,"Newcastle Upon Tyne, Tyne & Wear",IT Jobs,42000.0,62000.0,permanent,2026-06-08T10:29:28Z,"Senior Python Full Stack Developer - Hybrid (Tech stack: Python, Flask, PostgreSQL, JavaScript, Docker, AWS, CI/CD) Our client is a purpose-driven technology company building advanced software solutions within the renewable energy sector . Their platforms support complex, data-led decision making and play a key role in driving sustainable outcomes. This is a hybrid role where you will work across both front and back end development, delivering high-quality software and contributing to the desig…",https://www.adzuna.co.uk/jobs/details/5756150874?utm_medium=api&utm_source=057dc159,python developer
Python Developer,Talan,"London, UK",IT Jobs,42660.46,42660.46,,2026-06-10T22:52:13Z,"Job Description Role Overview As part of its ambition to become a Top 3 contributor in the European ETF market, our client is investing significantly in the evolution of its ETF Market Making platform, with a strong focus on advancing Automated Market Making (AMM) and client RFQ pricing capabilities. This role is centred on the design, development, and delivery of a next-generation electronic trading platform, supporting global trading activities across Europe, the US, and Emerging Markets. The…",https://www.adzuna.co.uk/jobs/details/5759151642?utm_medium=api&utm_source=057dc159,python developer
Python Developer,Premier IT,"Farringdon, Central London",IT Jobs,70000.0,75000.0,,2026-05-18T14:41:56Z,"Python Developer London – Twice a week in the office £70,000-£75,000 I’m currently working for a Central London based tech consultancy of over 70 years who are looking for a Python Developer to come and join their growing team on a hybrid basis! The company is a serial award-winner and provide consultative bespoke tech services to industries such as healthcare, insurance, pensions, energy & sport across the UK and beyond. They are a growing development team of roughly 20 in total size, split ac…",https://www.adzuna.co.uk/jobs/land/ad/5733142824?se=_A1-ThZm8RGSwvN1B8zRZw&utm_medium=api&utm_source=057dc159&v=C1D744C4D5FD6A3E5D66FB592E1F13C078BBF4BE,python developer
Python Developer,Enorth Staffing Limited,"London, UK",IT Jobs,58508.86,58508.86,,2025-03-31T12:25:39Z,"Role Title Python Developer Business Function Technology Location Wrexham / London Who we are & what we do Founded in 2016, Chetwood is a new kind of bank. We create targeted products to make people better off. Unlike traditional banks, we’re not looking to build a customer base and then cross-sell to them. Instead, we focus on distinct customer segments that are underserved by the market, creating innovative products to meet their needs. We do this through different brands, not one, because wh…",https://www.adzuna.co.uk/jobs/land/ad/5119758651?se=_A1-ThZm8RGSwvN1B8zRZw&utm_medium=api&utm_source=057dc159&v=291A748B28BE3D665203F9D0FCD4BEB3D49054D5,python developer
Python developer,Enorth Staffing Limited,"Wrexham, Wales",IT Jobs,64591.38,64591.38,,2025-03-31T12:26:00Z,"As a Python Developer at Chetwood, you will form a pivotal part of the business. As a data-driven company, DevOps is key to ensuring that we can make our customers better off and push our use of technology further every day. Key Responsibilities Help to build and support new features across our backend systems with the production of high quality code Improve functionality of existing systems and help reduce tech debt through lessons learned and incremental improvements Provide insights and inpu…",https://www.adzuna.co.uk/jobs/land/ad/5119759219?se=_A1-ThZm8RGSwvN1B8zRZw&utm_medium=api&utm_source=057dc159&v=5E0ADDE6DFA785B35430EDEB488F2E1656DB2D70,python developer
Python Developer,N Consulting Ltd,"London, UK",IT Jobs,78000.0,91000.0,contract,2026-05-06T16:22:52Z,"Role: – Sr Python Developer Duration:6 Months Contract Location: London, UK ?(Hybrid 3 days office) We are looking for a Python Developer with strong experience in trading and risk management systems within investment banking. The role involves building backend applications and data processing logic supporting risk calculations, trade workflows and reporting. Key Responsibilities • Develop and enhance Python-based applications for trading and risk use cases • Build data processing pipelines and…",https://www.adzuna.co.uk/jobs/details/5720620383?utm_medium=api&utm_source=057dc159,python developer
Python Developer,Halian Technology Limited,"Central London, London",IT Jobs,85000.0,85000.0,,2026-05-22T02:40:51Z,"Python Developer Insurance Analytics Were looking for a talented Python Developer to join our growing Insurance Analytics team. In this role, youll play a key part in shaping and enhancing InsurSight , our award-winning SaaS analytics platform. This is a great opportunity to work at the intersection of technology, data, and insurance, building high-impact solutions used across the industry. What youll be doing Working on the development of new features within InsurSight, ensuring high performan…",https://www.adzuna.co.uk/jobs/details/5737145789?utm_medium=api&utm_source=057dc159,python developer
Python Developer,Halian Technology Limited,"The City, Central London",IT Jobs,156000.0,156000.0,contract,2026-05-06T02:13:49Z,"Python Developer (Contract) ?? UK / Hybrid / Remote ?? £600 Inside IR35 ? 912 Month Contract We are currently looking for an experienced Python Developer to join a growing engineering team. Youll be working on backend systems and scalable applications in a fast-moving environment. This is a hands-on role youll be expected to come in, get up to speed quickly, and own delivery. Key Responsibilities Design and develop backend services using Python Build and maintain REST APIs and microservices Wor…",https://www.adzuna.co.uk/jobs/details/5719942248?utm_medium=api&utm_source=057dc159,python developer
Python Developers,. CGI IT UK Limited,"London, UK",IT Jobs,81421.76,81421.76,,2026-05-28T23:08:48Z,"Python Developers Category: Software Development/ Engineering Main location: United Kingdom, England - South East, London Position ID:J0526-1288 Employment Type: Full Time CGI UK Careers - Your mission found here By playing this video you consent to Google/YouTube processing your data and using cookies - Learn more. Position Description: CGI's Space, Defence and Intelligence business unit focuses on delivering contemporary and innovative technical solutions to government agencies tackling some …",https://www.adzuna.co.uk/jobs/details/5743990403?utm_medium=api&utm_source=057dc159,python developer
Python Developer,NEEV LIMITED,"London, UK",IT Jobs,58169.75,58169.75,permanent,2026-05-23T02:39:17Z,"NOTE: VISA SPONSORSHIP IS NOT PROVIDED Role : Python Developer Location: London, UK (5 Days / Week Onsite) Type: Permanent Requirement: A Python  React  SQL  Databricks developer role blends backend data engineering with frontend application development, requiring strong coding skills in Python, React.js, SQL, and Databricks for building scalable, data-driven Key Responsibilities Backend Development (Python) Build APIs and services using Python frameworks (Flask, FastAPI, Django). Integrate wit…",https://www.adzuna.co.uk/jobs/details/5738293091?utm_medium=api&utm_source=057dc159,python developer
Python Developer,McGregor Boyall Associates Limited,"London, UK",IT Jobs,100000.0,100000.0,,2026-05-07T02:47:28Z,"A leading commodities trading business is looking to hire a Junior Python Developer to join its front-office technology and analytics function in London. This role sits within a highly technical team supporting trading, risk, and quantitative analytics platforms across physical and derivatives markets. You'll work closely with traders, quants, and senior engineers on the development of modern data and analytics tooling used across the business. The environment is C# and Python-focused, with inc…",https://www.adzuna.co.uk/jobs/details/5721113416?utm_medium=api&utm_source=057dc159,python developer
Python Developer,Citigroup,"Belfast, Northern Ireland",IT Jobs,45575.44,45575.44,,2026-04-11T01:00:03Z,The Applications Development Intermediate Programmer Analyst is an intermediate level position responsible for participation in the establishment and implementation of new or revised application systems and programs in coordination with the Technology team. The overall objective of this role is to contribute to applications systems analysis and programming activities. Citi is seeking a highly motivated candidate for Python developer in Wholesale Credit Risk Technology team that serves Instituti…,https://www.adzuna.co.uk/jobs/details/5696137218?utm_medium=api&utm_source=057dc159,python developer
Python Developers,CGI,"London, UK",IT Jobs,83405.42,83405.42,,2026-06-10T13:03:08Z,"CGI UK Careers – Your mission found here By playing this video you consent to Google/YouTube processing your data and using cookies – Learn more . Position Description: CGI’s Space, Defence and Intelligence business unit focuses on delivering contemporary and innovative technical solutions to government agencies tackling some of the most complex challenges. We design, build, and operate bespoke, mission-critical systems that help keep the UK safe and secure. We are looking for experienced Pytho…",https://www.adzuna.co.uk/jobs/details/5758423638?utm_medium=api&utm_source=057dc159,python developer
Python Developer,Bright Purple Resourcing,"Edinburgh, Scotland",IT Jobs,52208.91,52208.91,contract,2026-05-15T02:31:52Z,"Software Engineer - Fixed-Term Contract - Edinburgh (Hybrid) Ever wanted to write code that genuinely contributes to tackling climate change? We're working specialist tech company in Edinburgh whose entire mission is built around understanding and responding to the environmental challenges facing our planet. They work with major space agencies and international research partners, and they're looking for a talented Software Engineer to join them on a 12-month contract, with real potential to gro…",https://www.adzuna.co.uk/jobs/details/5729920711?utm_medium=api&utm_source=057dc159,python developer
Python Developer,Barclays UK,"London, UK",IT Jobs,72483.38,72483.38,,2026-05-21T03:08:25Z,"Join Barclays as a Python Developer, where you will be responsible for designing and building production-grade APIs and backend services that support scalable, high-performance data platforms. You will develop and maintain client-facing SDKs, implement efficient caching strategies, and optimise systems for high throughput and low latency. To be successful in this role, you should have: Strong Python engineering skills building production-grade APIs and backend services (REST/async patterns, tes…",https://www.adzuna.co.uk/jobs/details/5735867634?utm_medium=api&utm_source=057dc159,python developer
Python Developer,EDFT,"London, UK",IT Jobs,63452.77,63452.77,,2026-02-01T15:59:55Z,"When you join EDF Trading, you’ll become part of a diverse international team of experts who challenge conventional ideas, test new approaches, and think outside the box. Energy markets evolve rapidly, so our team needs to remain agile, flexible, and ready to spot opportunities across all the markets we trade in power, gas, LNG, LPG, oil, and environmental products. EDF Group and our customers all over the world trust that their assets are managed by us in the most effective and efficient manne…",https://www.adzuna.co.uk/jobs/details/5608832006?utm_medium=api&utm_source=057dc159,python developer
Python Developer,Siemens,UK,IT Jobs,45721.06,45721.06,,2025-05-22T08:54:17Z,"Before our software developers write even a single line of code, they have to understand what drives our customers. What is the environment? What is the user story based on? Implementation means – trying, testing, and improving outcomes until a final solution emerges. Knowledge means exchange – discussions with colleagues from all over the world. Join our Digitalization Technology and Services (DTS) team based in Bangalore. This is your role. What part will you play? Implement innovative Produc…",https://www.adzuna.co.uk/jobs/details/5210480023?utm_medium=api&utm_source=057dc159,python developer
Senior Python Quant Developer,Hays Specialist Recruitment Limited,"London, UK",IT Jobs,208000.0,234000.0,contract,2026-06-11T17:47:20Z,"My client is a London-based financial-services company who are actively seeking a Senior Python Quant Developer to join on an initial 12-month contract basis. What you'll need to succeed : Extensive hands-on Python Development experience building REST APIs with FastAPI or similar. Strong quantitative background - must have. Strong experience with Pandas, NumPy, and/or SciPy. Good experience with time series or market data models. Experience with Docker, Kubernetes, and Cloud. What you'll get in…",https://www.adzuna.co.uk/jobs/land/ad/5760104039?se=_A1-ThZm8RGSwvN1B8zRZw&utm_medium=api&utm_source=057dc159&v=7CD717F8A00114EB3B54F128AD3983047F5E0643,python developer
Python Developers - Market Risk Technology AVP & VP - McGregor Boyall,McGregor Boyall,"London, UK",IT Jobs,92229.77,92229.77,,2026-06-11T11:30:22Z,"Senior Market Risk Technology Opportunities AVP & VP Level London - Hybrid working A leading global investment bank is investing heavily in the evolution of its cloud based risk management platform and is seeking multiple Senior Developers to join its Risk Technology division. The team is responsible for delivering market risk analytics, pricing infrastructure, market data platforms and risk reporting capabilities across equities, fixed income, credit, FX and commodities. Depending on the role,…",https://www.adzuna.co.uk/jobs/land/ad/5759822230?se=_A1-ThZm8RGSwvN1B8zRZw&utm_medium=api&utm_source=057dc159&v=82B83864AFB650789751489A1F290C88F8166A3D,python developer
Senior Python Developer,Ocho People,"County Antrim, Northern Ireland",IT Jobs,60000.0,90000.0,permanent,2026-05-22T22:03:16Z,"Senior Python Developer needed to join the worlds newest IoT company Are you a Senior/Principal level Python developer looking for a new challenge? Do you want to work with some of the brightest minds in Northern Ireland? Want to work on true greenfield projects that nobody has done before? The Role In this hands on role, you'll be joining a small team of highly capable professionals responsible for designing, developing, and maintaining high-performance and scalable Applications using the Go p…",https://www.adzuna.co.uk/jobs/details/5738064182?utm_medium=api&utm_source=057dc159,python developer
eTrading Python Developer,Talan,"London, UK",IT Jobs,72992.61,72992.61,,2026-06-09T22:50:01Z,"Job Description Job Description Location: London (Hybrid – 3 days in office) Type: Full-time Are you ready to step into a high-performance environment at the heart of global markets? We're looking for a motivated and technically skilled eTrading Production Support Engineer to join our fast-paced Application Support team based in London. You'll be part of a global organisation, supporting cutting-edge eTrading platforms used across key financial hubs including New York, Tokyo, and Singapore. Wha…",https://www.adzuna.co.uk/jobs/details/5757729601?utm_medium=api&utm_source=057dc159,python developer
Senior Python Developer,Tech4 Ltd,"Corbridge, Northumberland",IT Jobs,60000.0,90000.0,,2026-06-01T20:30:07Z,"Senior Python Developer (PYTHON/REACT/AWS/AZURE) - is required by fast growing and highly successful technology consultancy. They are looking for a talented individual who will design, implement, and maintain their complex software, systems, and customer-facing digital products. Requirements * Design and implement systems and software to meet requirements using appropriate tools and methods. * Promote the creation of high-quality code by commitment to practices such as test-driven development, …",https://www.adzuna.co.uk/jobs/land/ad/5748063452?se=_A1-ThZm8RGSwvN1B8zRZw&utm_medium=api&utm_source=057dc159&v=F483BB2D77DDC3C97D4BA898D80F6987E154BAE7,python developer
Contract Python Developer,Corecom Consulting,UK,IT Jobs,110500.0,117000.0,contract,2026-06-02T20:42:43Z,"Role: Contract Python Developers Location: Remote 3 Months (likely extension) £450 per day Fully Remote We're supporting a client in a regulated environment looking to engage an experienced Python (Django) contractor to work on a legacy system improvement project. This role will involve working on an established platform, helping to modernise and improve performance, while ensuring stability across a live environment. The Role You'll be joining a small team to support the ongoing development an…",https://www.adzuna.co.uk/jobs/land/ad/5749420947?se=_A1-ThZm8RGSwvN1B8zRZw&utm_medium=api&utm_source=057dc159&v=BF810BE694468D4D6779783B882614BC9811A7F1,python developer
Python Developer - Dublin,Pontoon,UK,IT Jobs,72632.56,72632.56,contract,2026-06-11T10:32:54Z,"Salary: £? - ? per year Requirements: Proven experience as a Python Developer within large corporate environments is essential, with banking experience preferred but not essential. Strong understanding of Python frameworks such as Django or Flask. Familiarity with front-end technologies including HTML, CSS, and JavaScript is a plus. Experience with database management systems such as PostgreSQL or MySQL. Excellent problem-solving skills and keen attention to detail. Ability to work independentl…",https://www.adzuna.co.uk/jobs/details/5759764527?utm_medium=api&utm_source=057dc159,python developer
AWS Python Developer,N Consulting Ltd,"Bestwood Village, Nottingham",IT Jobs,104000.0,117000.0,,2026-03-18T07:26:23Z,"Role: AWS Python Developer Experience: 10years Location: Nottingham Work mode: Hybrid Job Description: 1. AWS Cloud services with Python and its frameworks such as Django on the backend 2. Cloud - AWS such as Lambda, DynamoDB, RDS, AppSync. 3. Experience working with RESTful APIs and/or GraphQl 4. Good understanding of development best practices such as pair programming, TDD 5. Work in an agile",https://www.adzuna.co.uk/jobs/details/5670435507?utm_medium=api&utm_source=057dc159,python developer
Senior Python Developer,NCC Group,"Hulme, Manchester",IT Jobs,67583.59,67583.59,,2026-06-03T10:22:39Z,"An exciting opportunity to be one of the core team members of the Software Engineering team within NCC Group’s GMS division. You will be a development SME playing a key role in designing, delivering, and supporting high‑quality software solutions. This is a great opportunity to work on mission critical Cyber Security-related products and services, for one of the world’s leading practices. The role requires strong hands‑on expertise in Python along with a broad and deep understanding of modern c…",https://www.adzuna.co.uk/jobs/details/5750342519?utm_medium=api&utm_source=057dc159,python developer
Python Developers (IT),CGI,"London, UK",IT Jobs,57597.26,57597.26,permanent,2026-05-15T18:22:04Z,"CGI?s Space, Defence and Intelligence business unit focuses on delivering contemporary and innovative technical solutions to government agencies tackling some of the most complex challenges. We design, build, and operate bespoke, mission-critical systems that help keep the UK safe and secure. We are looking for experienced Python Developers to join our cross-functional teams. Working closely with our clients, you will help design, build, and deliver secure, scalable solutions in a highly reward…",https://www.adzuna.co.uk/jobs/details/5730468717?utm_medium=api&utm_source=057dc159,python developer
Senior Python Developer,Tech 4,"Newcastle Upon Tyne, Tyne & Wear",IT Jobs,90000.0,90000.0,,2026-06-01T19:57:04Z,"Senior Python Developer (PYTHON/REACT/AWS/AZURE) - is required by fast growing and highly successful technology consultancy. They are looking for a talented individual who will design, implement, and maintain their complex software, systems, and customer-facing digital products. Requirements Design and implement systems and software to meet requirements using appropriate tools and methods. Promote the creation of high-quality code by commitment to practices such as test-driven development, pair…",https://www.adzuna.co.uk/jobs/details/5747976618?utm_medium=api&utm_source=057dc159,python developer
Lead Python Developer,Total Recruitment Group,"South East London, London",IT Jobs,85000.0,85000.0,,2026-05-11T18:21:20Z,"Lead Python Developer Climate Tech ?? London (Hybrid, 3 days per week) ?? Python, FastAPI, PostgreSQL, GCP, Docker I'm working with a fast-growing climate-tech non-profit tackling one of the most important infrastructure challenges in the energy transition. Backed by some of the biggest names in climate philanthropy, this is a organisation doing real work - not reports, not consultancy, actual software that shapes energy investment decisions globally. They're hiring a Lead Backend Engineer to l…",https://www.adzuna.co.uk/jobs/details/5725943942?utm_medium=api&utm_source=057dc159,python developer
Python Developer - FRTB,Emagine Consulting,"London, UK",IT Jobs,61441.91,61441.91,,2026-06-10T15:15:05Z,"Python Developer London £900 - £1000pd We are seeking a highly motivated Software Engineer to join a high-performing team building next-generation trading and risk systems. This role offers end-to-end involvement across the software development lifecycle, including the development of major greenfield components within a strategic platform. You will work closely with both technology and business stakeholders to deliver impactful solutions directly to trading desks and senior leadership, contribu…",https://www.adzuna.co.uk/jobs/details/5758550187?utm_medium=api&utm_source=057dc159,python developer
Python Developer - Equities,Emagine Consulting,"London, UK",IT Jobs,73581.09,73581.09,,2026-06-05T21:55:48Z,"Python Developer London- (Hybrid) £750 -£800 emagine is a high-end professional services consultancy and solutions firm Specialising in providing business and technology services to the financial services sector, we power progress, solve challenges and deliver real results through tailored high-end consulting services and solutions. We have created a culture of openness and integrity by building genuine and strong relationships and partnerships, enabling us to be uncompromising in our dedicatio…",https://www.adzuna.co.uk/jobs/details/5753589749?utm_medium=api&utm_source=057dc159,python developer
SQL/ Python Developer,KBR,"Swindon, Wiltshire",IT Jobs,56017.11,56017.11,,2026-05-21T01:22:02Z,"Title: SQL/ Python Developer About KBR and the Project KBR are a global technical solutions provider with 28,000 employees worldwide, with operations in 34 countries delivering to customers in 80 countries. KBR work collaboratively with their wide customer base to deliver solutions that strive to create a better, safer and more sustainable world. KBR's Estates Intelligence division specialise in enabling clients to make informed decisions about the operational and strategic management of their …",https://www.adzuna.co.uk/jobs/details/5735670444?utm_medium=api&utm_source=057dc159,python developer
Senior Python Developer,TradeCrowd,"London, UK",IT Jobs,52262.41,52262.41,,2025-01-16T12:25:05Z,"TradeCrowd is looking for an enthusiastic and talented hacker to join our small team in London. Responsibilities: - Developing scalable high-load web services in the cloud - Real-time backoffice with business intelligence - Multiple platforms (web, mobile) Qualifications: - Python - MVC web frameworks (Django preferred) - SQL and relational database design - Algorithms, data structures and software design patterns - Linux Command Line Fu Personality: - Able to meet deadlines and milestones - Li…",https://www.adzuna.co.uk/jobs/details/5013050160?utm_medium=api&utm_source=057dc159,python developer
Python Developer – Trading Systems & Research Infrastructure (No Finance Experience Needed),Eka Finance,"London, UK",IT Jobs,54559.56,54559.56,,2026-06-03T17:48:05Z,"You’ll be developing components for a research and trading platform used by quant researchers and portfolio managers, handling data from a wide range of sources, and optimizing performance for simulation and live execution. Python is the primary language used throughout the stack, making strong fluency essential. Core Responsibilities Contribute to the architecture, testing, and performance tuning of a scalable trading and backtesting platform. Build reliable, production-grade tools that enable…",https://www.adzuna.co.uk/jobs/land/ad/5750782447?se=_A1-ThZm8RGSwvN1B8zRZw&utm_medium=api&utm_source=057dc159&v=2D4EB5E19923863AA630B46742FFDE0327DF2EEB,python developer
Python Developer Tools Engineer- World-Leading Prop Trading Fund,Oxford Knight,"London, UK",IT Jobs,57912.09,57912.09,,2026-03-18T13:42:56Z,"Salary: £200k base  bonus Summary: Exciting opportunity to work at a tech-centric prop trading fund which trades a wide range of financial products, with offices across the globe. Work is organized into small, project-oriented teams, each with the independence and responsibility to make decisions that impact the business. Python is their go-to language for data analysis, visualization and machine learning; you'll join the team responsible for the tools that support the Python work, such as CI f…",https://www.adzuna.co.uk/jobs/land/ad/5670689810?se=_A1-ThZm8RGSwvN1B8zRZw&utm_medium=api&utm_source=057dc159&v=EE2FD30C56E24C66F8A5DF651B28C82416832D00,python developer
Software Engineer,Leidos,"Fareham Common, Fareham",IT Jobs,50206.47,50206.47,,2026-06-01T06:30:16Z,"Description Software Engineer Location: Whiteley (primarily home-based / hybrid) Security Clearance: Must hold or be eligible for SC clearance Are you ready for your next career challenge? At Leidos, we deliver innovative solutions through the efforts of our diverse and talented people who are dedicated to our customers’ success. We empower our teams in the UK to address some of the most complex problems in defence, government, safety and security, and transportation. Everything we do is built …",https://www.adzuna.co.uk/jobs/land/ad/5747128421?se=FglYVRZm8RGOccqhHlf4XA&utm_medium=api&utm_source=057dc159&v=6E0AE25A6F825D12146A86F464A8A94433CCB4A6,software engineer
Software Engineer,ENISCA,"Cookstown, Northern Ireland",Engineering Jobs,50000.0,50000.0,,2026-05-22T20:08:03Z,"We are seeking a skilled Software Engineer, with previous experience in the water industry, to join our team. This is an exciting opportunity to work on automation and control systems within the Water & Wastewater industry. You will be responsible for delivering high-quality solutions from design through to commissioning, ensuring compliance with client standards and industry best practices. The successful candidate will be working 40 hours a week, based in Cookstown, Northern Ireland. Profitec…",https://www.adzuna.co.uk/jobs/land/ad/5737819016?se=FglYVRZm8RGOccqhHlf4XA&utm_medium=api&utm_source=057dc159&v=392D5D3BE58C77246699B046F6EF3DED82FBFEE7,software engineer
Lead Software Engineer,Leidos,"Farnborough, Hampshire",IT Jobs,74666.52,74666.52,,2026-06-01T06:30:16Z,"Description Lead Software Engineer Location: Farnborough, with flexibility to work from home dependent on business demands Salary: £61,500 - £78,800 The Role: The Lead Software Engineer will play a critical role in both the sustainment of the current environment and the delivery of new capabilities. The selected individual will develop solutions to complex technical issues and problems that impact multiple areas or disciplines; regularly employ ingenuity and creativity to develop new technical …",https://www.adzuna.co.uk/jobs/land/ad/5747128423?se=FglYVRZm8RGOccqhHlf4XA&utm_medium=api&utm_source=057dc159&v=52AF2C66E88F7F1D29D663265695E929253BCC7F,software engineer
Java Software Engineer,Leidos,"Farnborough, Hampshire",IT Jobs,59378.18,59378.18,,2026-06-01T21:34:22Z,"Description Java Software Engineer Location: Farnborough, with flexibility to work from home dependent on business demands Salary: £47,600 - £61,000 The Role As a Java Software Engineer you will play a critical role in both the sustainment of the current environment and the delivery of new user‑facing capabilities. The selected individual will develop solutions to complex technical issues and problems that impact multiple areas or disciplines; regularly employ ingenuity and creativity to develo…",https://www.adzuna.co.uk/jobs/land/ad/5748130804?se=FglYVRZm8RGOccqhHlf4XA&utm_medium=api&utm_source=057dc159&v=E40742522620F1B08497817959BE946A0E47287B,software engineer
PLC Software Engineer,Leidos,"London Luton Airport, Luton",Engineering Jobs,56193.79,56193.79,,2026-06-10T06:22:10Z,"Description Responsible for the successful execution of code development for PLC(s) within our client base / organization. You must be able to work independently or as part of a team. You will need to be able to manage your time efficiently to meet scheduled dates. Your job could entail periods of time away from the office/home during project implementation, standby and supporting the customer. As part of a global company, you may be required to work remotely both in the UK and worldwide. There…",https://www.adzuna.co.uk/jobs/land/ad/5758130080?se=FglYVRZm8RGOccqhHlf4XA&utm_medium=api&utm_source=057dc159&v=E1EE8878F4DBAF7ED9F71FCADCB578DFCBE4F09A,software engineer
Software Engineer,MCS Group,"Belfast, Northern Ireland",IT Jobs,45000.0,45000.0,permanent,2026-06-09T20:16:17Z,"Software Engineer (Junior to Mid-level) - Data Orchestration Platform Location: Belfast (hybrid, 3 days in office) Salary: up to £40,000  10% bonus Type: Full-time, permanent The role A growing technology company is looking for a Software Engineer to join a small, experienced backend engineering team building an enterprise-grade data orchestration platform. The team is deliberately top-heavy with senior talent, this hire is about bringing in someone hungry to learn, grow, and eventually own mea…",https://www.adzuna.co.uk/jobs/land/ad/5757503561?se=FglYVRZm8RGOccqhHlf4XA&utm_medium=api&utm_source=057dc159&v=75309ACCF9BAC6B484597023DB9435860E64BD91,software engineer
PLC Software Engineer,Samuel Frank,"Tinsley, Sheffield",Engineering Jobs,65000.0,65000.0,permanent,2026-05-07T15:47:00Z,"PLC Software Engineer South Yorkshire / Sheffield PLCs / Process Control / System Integration £50-65k Samuel Frank is recruiting for an experienced PLC Software Engineer to join a well-established and growing South Yorkshire based system integrator. This PLC Software Engineer role will suit somebody who enjoys developing PLC software from scratch, writing high-quality technical documentation and getting projects over the line through successful commissioning work on customer sites. The successf…",https://www.adzuna.co.uk/jobs/land/ad/5721752733?se=FglYVRZm8RGOccqhHlf4XA&utm_medium=api&utm_source=057dc159&v=867777FD6521998465919CBD56E0F9F2CA5B82B5,software engineer
Senior Software Engineer,Morson Edge,"East Knighton, Dorchester",IT Jobs,67722.88,67722.88,permanent,2026-06-04T03:54:26Z,"Are you a Senior Software Engineer looking for an interesting job opportunity? Our client, TKMS ATLAS UK, are seeking a Senior Software Engineer with skills in Java to work on the development of marine-based autonomous systems. This job will be based out of TKMS ATLAS UK's headquarters in Winfrith, Dorset. This position will need weekly on-site working, around 3 / 4 days on-site per week. Required Knowledge, skills and qualities • Proven ability to support software delivery • Educated to Degree…",https://www.adzuna.co.uk/jobs/land/ad/5751491329?se=FglYVRZm8RGOccqhHlf4XA&utm_medium=api&utm_source=057dc159&v=5B8D4F4C41EAE4C0F9E0B9E0484A360EFCC2CBAA,software engineer
Principal Software Engineer,Sirius Digital,"Port Solent, Portsmouth",IT Jobs,25.0,25.0,permanent,2026-04-25T10:43:00Z,"Principal Software Engineer Salary: Negotiable plus benefits, pension (7% contribution), 25 days holiday & life insurance We are looking for principal software engineers with diverse experience. We are a small but rapidly growing consultancy, owned highly experienced and recognised practitioners in UK defence consultancy. We are looking for candidates with a mix of technical expertise and interpersonal skills, able to work independently and in small teams. The Role: As a Principal Software Engi…",https://www.adzuna.co.uk/jobs/land/ad/5710227790?se=FglYVRZm8RGOccqhHlf4XA&utm_medium=api&utm_source=057dc159&v=4A2B704AC1780934A04BB0F1EC284516BFFD70D9,software engineer
Senior Software Engineer,Sirius Digital,"Port Solent, Portsmouth",IT Jobs,25.0,25.0,permanent,2026-04-25T10:43:00Z,"Senior Software Engineer Salary: Negotiable plus benefits, pension (7% contribution), 25 days holiday & life insurance We are looking for senior software engineers with a range of levels of experience including designing and delivering software applications. We are a small but rapidly growing consultancy, owned by four highly experienced and recognised practitioners in UK defence consultancy. We are looking for candidates with a mix of technical expertise and interpersonal skills, able to work …",https://www.adzuna.co.uk/jobs/land/ad/5710227788?se=FglYVRZm8RGOccqhHlf4XA&utm_medium=api&utm_source=057dc159&v=3672644B3658E1D2FCA1952736B4619CE8F579F1,software engineer
Software Engineer C++,Sirius Digital,"Port Solent, Portsmouth",IT Jobs,25.0,25.0,permanent,2026-06-09T00:06:08Z,"Software Engineer Salary: Competitive, negotiable based on experience, plus benefits including a 7% pension contribution, 25 days holiday, and life insurance Location: Portsmouth, hybrid working Sirius Digital is a trusted provider of expertise in Software Engineering, Data Science, and AI, supporting clients in the defence, nuclear, space, and energy sectors. We specialise in software modelling and simulation, robotics and autonomous systems, as well as data science and engineering, delivering…",https://www.adzuna.co.uk/jobs/land/ad/5756698206?se=FglYVRZm8RGOccqhHlf4XA&utm_medium=api&utm_source=057dc159&v=F11846250DB8C1847712CC857DA134F949A70AB0,software engineer
Electronic Software Engineer,KO2 Embedded Recruitment Solutions LTD,"Lyme Green, Macclesfield",Engineering Jobs,65000.0,65000.0,permanent,2026-05-07T11:29:42Z,"Electronics & Embedded Software Engineer Location: Macclesfield (Onsite - 4 days/week) Salary: £60,000 - £65,000  benefits We are seeking a well-rounded Electronics & Embedded Software Engineer to join a growing engineering team in Macclesfield. This is a hands-on role offering full lifecycle ownership-from concept and hardware design through to firmware development and signal processing. The Role This position is approximately a 50/50 split between electronics design and embedded software/firm…",https://www.adzuna.co.uk/jobs/land/ad/5721562888?se=FglYVRZm8RGOccqhHlf4XA&utm_medium=api&utm_source=057dc159&v=05CBC1E4C89CBE93C847D30617A4DF4FED3433F9,software engineer
Senior Software Engineer,Spectrum It Recruitment Limited,"Portsmouth, Hampshire",IT Jobs,85000.0,85000.0,permanent,2026-06-12T04:33:14Z,"Senior Software Engineer - UI / GUI (C# WPF / XAML) Portsmouth, Hampshire | Up to £85,000  Benefits | Onsite | 4 or 5 day working week Some projects are maintenance. Some are migrations. And then something genuinely rare comes along - a blank canvas, a serious engineering challenge, and a product deployed on military vessels around the world. A well-established international maritime technology company is building a brand new Integrated Maritime Management System (IMMS) from scratch in Waterloo…",https://www.adzuna.co.uk/jobs/land/ad/5760904209?se=FglYVRZm8RGOccqhHlf4XA&utm_medium=api&utm_source=057dc159&v=B7E5376E9D32E6B4D8DCE3C7C647576507BB2AF5,software engineer
Java Software Engineer,Semantics 21,"Stafford, Staffordshire",IT Jobs,35000.0,35000.0,permanent,2026-05-26T14:37:36Z,"Build and improve real-world Java desktop software in a small, influential engineering team where your technical decisions, ideas, and leadership will genuinely matter. Hands-on Java desktop software role focused on Swing-based commercial applications - not web development. About Us Semantics 21 is a multi-award-winning UK software company developing specialist desktop software used internationally within public safety and investigative environments. Our technology helps organisations process a…",https://www.adzuna.co.uk/jobs/land/ad/5741266188?se=FglYVRZm8RGOccqhHlf4XA&utm_medium=api&utm_source=057dc159&v=5D22145509EEC67A1E2CEFF57498DA242F60823C,software engineer
Lead Software Engineer,Sanderson Government and Defence,"Cheltenham, Gloucestershire",IT Jobs,100000.0,100000.0,permanent,2026-05-15T10:09:50Z,"Enhanced security clearance is required for this role. We're looking for an experienced Software Engineer to help build and scale secure backend platforms used by National Security and Defence customers. You'll work on modern cloud-based systems using a mix of commercial and open-source technologies across private and public cloud environments. What you'll be doing Designing, building, deploying and improving backend services and platforms Delivering features that meet both functional and non-f…",https://www.adzuna.co.uk/jobs/land/ad/5730195725?se=FglYVRZm8RGOccqhHlf4XA&utm_medium=api&utm_source=057dc159&v=73FA5F8348C5516B33DA1152123561D6C65D148B,software engineer
Software Engineer,Matched Group,"Reading, Berkshire",IT Jobs,35000.0,45000.0,contract,2026-05-18T20:51:40Z,"Full Stack Software Engineer 12 month FTC, start ASAP Tech - TypeScript, Angular, Nest.JS, JavaScript, Basic SQL, Git Why? PE backed SaaS Vendor Location - remote in England with travel to office (Reading) on day 1 to collect equipment A PE backed SaaS vendor are looking for a Full Stack JavaScript Software Developer to join a bilingual team. You will join a collaborative team committed to building high-quality solutions. They value individuals who are proactive and passionate about robust web …",https://www.adzuna.co.uk/jobs/land/ad/5733315495?se=FglYVRZm8RGOccqhHlf4XA&utm_medium=api&utm_source=057dc159&v=A20B45C2DBC8FE3B6147EB4F1B1E4F0E26DABE39,software engineer
Software Engineer,Addition,"Milton Keynes, Buckinghamshire",IT Jobs,59133.6,59133.6,permanent,2026-05-15T18:51:12Z,"Software Engineer - Fullstack Join our innovative team as a Software Engineer - Fullstack and be at the forefront of transforming our application landscape into a modern, cloud-hosted finance platform. This exciting role offers the opportunity to work with cutting-edge technologies and contribute to shaping the digital future. If you’re passionate about building scalable, high-performance software solutions and thrive in a collaborative environment, this is your chance to make a meaningful impa…",https://www.adzuna.co.uk/jobs/land/ad/5730475577?se=FglYVRZm8RGOccqhHlf4XA&utm_medium=api&utm_source=057dc159&v=C44508E3B506A3FBA6CD5A03258F1EF2D6CD4CA4,software engineer
Software Engineer,BELCAN,"Newcastle Upon Tyne, Tyne & Wear",IT Jobs,124800.0,124800.0,contract,2026-06-03T16:19:16Z,"Software Engineer 12 Month Contract Newcastle or Guildford (Hybrid) up to £60 per hour Role Overview Belcan are currently working with one of the leading companies in Aviation, to support them in their search for a Software Engineer. The Software Engineer will join their collaborative, forward-thinking Agile Scrum team, working on innovative Geospatial software, using the latest cloud-based technologies. The engineer will be involved in every stage of the software development lifecycle, from in…",https://www.adzuna.co.uk/jobs/land/ad/5750744599?se=FglYVRZm8RGOccqhHlf4XA&utm_medium=api&utm_source=057dc159&v=3FC9F28A480B9590A88597515CFB488AD3996717,software engineer
Software Engineer,Harvey Nash,"Manchester, Greater Manchester",IT Jobs,50000.0,95000.0,permanent,2026-06-01T20:19:30Z,"Software Engineer Manchester - Hybrid £50,000 - £95,000 per annum We're hiring multiple Software Engineers from junior to senior level to join a growing technology team delivering scalable, high-performance systems within a global financial services environment. Key Skills & Responsibilities: Designing and developing high-quality, scalable software solutions. Working across the full SDLC in a modern engineering environment. Collaborating with cross-functional teams to deliver business-critical …",https://www.adzuna.co.uk/jobs/land/ad/5748039449?se=FglYVRZm8RGOccqhHlf4XA&utm_medium=api&utm_source=057dc159&v=80B6E95B0A2E15AC87F744A19E653AAAB4D1D0B4,software engineer
Software Engineer,Advanced Resource Managers Limited,"Newcastle Upon Tyne, Tyne & Wear",IT Jobs,124800.0,124800.0,contract,2026-06-03T12:19:32Z,"Software Engineer 12 month contract Can be based in Newcastle or Guildford Offering £60ph Inside IR35 Do you have experience with Java? Do you have experience in cloud services development? Do you want to work with an industry-leading company? If your answer to these is yes, then this could be the role for you! As the Software Engineer, you will be working alongside a market-leading Defence and Aerospace company who are constantly growing and developing. They are always looking to bring on new …",https://www.adzuna.co.uk/jobs/land/ad/5750511380?se=FglYVRZm8RGOccqhHlf4XA&utm_medium=api&utm_source=057dc159&v=8440DBBC3552783CB6D959220CC45B4E245DE656,software engineer
Software Engineer,Nextech,"West Malling, Kent",IT Jobs,30000.0,35000.0,permanent,2026-05-19T14:47:15Z,"Software Engineer Kent (Hybrid, initially onsite) Salary £30-35k (doe) *NO SPONSORSHIP PROVIDED FOR THIS ROLE* We're working with a growing technology business based in Kent operating in the managed connectivity and infrastructure space, delivering secure, resilient network solutions and in-house software platforms used across critical industries such as construction, engineering, and utilities. They are looking for a curious, driven Associate Software Engineer to join their development team, s…",https://www.adzuna.co.uk/jobs/land/ad/5734105587?se=FglYVRZm8RGOccqhHlf4XA&utm_medium=api&utm_source=057dc159&v=09A381A7F1F3DDB22DEE3F2E1AB8B3BE9799B4DA,software engineer
Software Engineer,Agilis Search,"Ipswich, Suffolk",IT Jobs,40000.0,50000.0,permanent,2026-05-19T14:50:22Z,"Agilis Search is seeking a talented and motivated Software Engineer to join an established technology team in Ipswich on a permanent basis. You will be delivering enterprise-scale solutions and will play a key role in designing, developing, and maintaining high-performance applications that support critical business operations and digital transformation initiatives. This is an exciting opportunity for an engineer who enjoys solving complex technical challenges, working in agile environments, an…",https://www.adzuna.co.uk/jobs/land/ad/5734107030?se=FglYVRZm8RGOccqhHlf4XA&utm_medium=api&utm_source=057dc159&v=7183448F79D2953164468A1445E185B6F5B3C685,software engineer
Software Engineer,Reed,"Stockton-On-Tees, County Durham",IT Jobs,45000.0,48000.0,permanent,2026-05-29T20:01:20Z,"A local profitable Software house are redefining modern engineering. They’re a growing tech business with the financial strength to invest in the future. That future is cloud-first, AI-augmented, and product-led! This is a hybrid working model where the expectation is to come in 2-3 times per week to the Stockton office Why join? This is your chance to join a local innovative technology company undergoing exciting modernisation and cloud transformation. You’ll work on impactful products used by…",https://www.adzuna.co.uk/jobs/land/ad/5744740190?se=FglYVRZm8RGOccqhHlf4XA&utm_medium=api&utm_source=057dc159&v=7D1D6BA5B044F4053ABFFDD215F1539B52895196,software engineer
Software Engineer,MicroTECH Global Ltd,"Cambridgeshire, Eastern England",IT Jobs,64744.44,64744.44,,2026-06-03T20:12:17Z,"Our client are an international semiconductor company. Responsibilities: Design and maintain a reproducible Hardware Emulation environment utilizing PetaLinux toolchains. Wrap the entire emulation stack in Docker to ensure environmental consistency across developer workstations and automated CI/CD pipelines (GitLab/Jenkins). Utilize the AMD fork of QEMU to boot functional PetaLinux images, modeling specific peripherals, boot sequences, and memory maps. Bridge QEMU (PS) with RTL simulators like …",https://www.adzuna.co.uk/jobs/land/ad/5750870504?se=FglYVRZm8RGOccqhHlf4XA&utm_medium=api&utm_source=057dc159&v=3F05836D18B528BA05175F6F40279B3AD50DBBD3,software engineer
Software Engineer,Franklin Bates,"London, UK",IT Jobs,40000.0,50000.0,permanent,2026-06-08T13:34:44Z,"Software Engineer West London | up to circa £45,000 Build technology that genuinely makes a differenc e Looking for more than just another development role? We're partnering with an ambitious early-stage technology start-up developing a market-leading platform that helps SMEs improve and strengthen their security posture. This is a chance to work on a product with real-world impact while gaining full visibility of the engineering journey. Join at the beginning This is a rare opportunity to beco…",https://www.adzuna.co.uk/jobs/land/ad/5756272899?se=FglYVRZm8RGOccqhHlf4XA&utm_medium=api&utm_source=057dc159&v=BB84E132B098F56EAE15525665A18EEE46D3F91E,software engineer
Software Engineer,Certain Advantage,"Bristol, South West England",IT Jobs,135200.0,135200.0,contract,2026-06-03T20:13:26Z,"World Class Defence Organisation based in Bristol is currently looking to recruit 3x Software Engineer subcontractor on an initial 12 month contract, with very likely extension. The role will be onsite 4 days per week. A 4 day working week is OK (Monday to Thursday). Rate: £65.00 per hour Overtime Rate: Hours worked over the standard 37 hours per week, will be paid at ‘time and a quarter’ Location: Bristol Hybrid / Remote working: The role will be onsite 4 days per week. A 4 day working week is…",https://www.adzuna.co.uk/jobs/land/ad/5750870886?se=FglYVRZm8RGOccqhHlf4XA&utm_medium=api&utm_source=057dc159&v=8B0D1B91512E4E9E958FDED5656AF71D63108907,software engineer
Software Engineer,Moorepay,"Manchester, Greater Manchester",IT Jobs,52342.82,52342.82,permanent,2026-06-11T17:49:17Z,"As a Software Engineer you will be a key contributor within a cross-functional engineering squad, responsible for building secure, scalable, and high-quality software with an increasing emphasis on AI-driven capabilities and intelligent agent development. You will work closely with Senior Engineers, the Engineering Team Leader, and the Architect to implement modern engineering practices, integrate AI models and agent patterns, and contribute to the evolution of our cloud-native services. You wi…",https://www.adzuna.co.uk/jobs/land/ad/5760104527?se=FglYVRZm8RGOccqhHlf4XA&utm_medium=api&utm_source=057dc159&v=2A8D6F68277E2DB91E322E48C065531BB9DD9C17,software engineer
Software Engineer,Erin Associates,"Preston, Lancashire",IT Jobs,41519.67,41519.67,permanent,2026-06-08T19:25:03Z,"Software Engineer – hybrid Keywords: C#, .Net, ASP.Net, SQL Server, HTML, JavaScript, MVC, TDD, Agile, ScrumPreston, Lancashire - commute from Chorley, Blackpool, Blackburn Join a forward-thinking software development team in Preston, Lancashire as a Software Developer , contributing to a suite of innovative products in a dynamic Agile/Scrum environment. This is a fantastic opportunity to grow your career within a well-established company offering a clearly defined progression path and a compet…",https://www.adzuna.co.uk/jobs/land/ad/5756445993?se=FglYVRZm8RGOccqhHlf4XA&utm_medium=api&utm_source=057dc159&v=8B7B983A61AA1931F2D3B00B9AB6E19ABA27D381,software engineer
Software Engineer,Avanti,"Marlow, Buckinghamshire",IT Jobs,40000.0,50000.0,permanent,2026-06-09T21:50:51Z,"Full Stack Software Engineer Hybrid Working | £40,000 - £50,000  Benefits A growing software company is looking for a Full Stack Software Engineer to join its engineering team as it continues to invest in new products, customers, and technology. This is an opportunity to work on modern web applications while helping to develop and enhance a range of established platforms used by organisations across multiple sectors. You'll join a collaborative environment where engineers take ownership of feat…",https://www.adzuna.co.uk/jobs/land/ad/5757526013?se=FglYVRZm8RGOccqhHlf4XA&utm_medium=api&utm_source=057dc159&v=B21C394F7F636B20ACF41539C41771169E5682DA,software engineer
Software Engineer,Addition,"Farnborough, Hampshire",IT Jobs,65000.0,65000.0,permanent,2026-06-08T13:26:55Z,"Software Engineer Join a specialist technology business delivering secure digital solutions that support critical Defence and National Security operations. This is an opportunity to work on meaningful projects where your engineering expertise directly contributes to real-world mission success. Security Clearance: Due to the nature of the work, candidates must hold or be eligible to obtain UK Security Clearance. Role Overview: Location: Farnborough (Hybrid) with occasional travel to Herefordshir…",https://www.adzuna.co.uk/jobs/land/ad/5756252839?se=FglYVRZm8RGOccqhHlf4XA&utm_medium=api&utm_source=057dc159&v=5E544A7E7C67777A3580B82B81F363355DCF31C7,software engineer
Software Engineer,Hudson Shribman,"Eastern England, UK",IT Jobs,50000.0,50000.0,permanent,2026-05-29T21:21:17Z,"Software Engineer £50k Base  Excellent Benefits Ref: ABJ6539 Location: Cambridgeshire | Permanent Are you a Software Engineer who enjoys building real-world engineering solutions that combine automation, robotics, and advanced manufacturing technology? An exciting opportunity has arisen for a talented Software Engineer to join a growing and innovative engineering business with a strong technical reputation. Working within a highly skilled multi-disciplinary team, you will play a key role in the…",https://www.adzuna.co.uk/jobs/land/ad/5744751403?se=FglYVRZm8RGOccqhHlf4XA&utm_medium=api&utm_source=057dc159&v=ECB9178BCF6CD63F780E8F3028CA90047A9373DF,software engineer
Software Engineer,HR GO Recruitment - Bishop's Stortford,UK,Engineering Jobs,50000.0,50000.0,permanent,2026-05-29T21:21:17Z,"Software Engineer - Industrial Automation & Control Systems £50,000 DOE | St Neots / Huntingdon area | Permanent | Full-Time We're recruiting for a Software Engineer to join a leading manufacturer of specialist industrial processing equipment. Working as part of a skilled small software team, you'll be responsible for developing, programming and supporting software for industrial machinery and control systems, worldwide, helping to deliver reliable and innovative automation solutions which incl…",https://www.adzuna.co.uk/jobs/land/ad/5744751413?se=FglYVRZm8RGOccqhHlf4XA&utm_medium=api&utm_source=057dc159&v=CC12334ACE5BF92A69783D05C4122C0735372DA3,software engineer
Software Engineer,ECM Selection Ltd.,"Cambridge, Cambridgeshire",IT Jobs,65000.0,65000.0,permanent,2026-05-13T20:23:43Z,"High speed algorithms and communications in C++ and Rust Cambridge with hybrid working; to £65k DoE Are you experienced in developing C++ for high-speed communications and efficient algorithms? If you have a thorough understanding of the inner workings of languages like C++ or Rust, and are motivated by the challenge of squeezing every last clock cycle, then read on! This Cambridge-based team develop high-speed network and data processing infrastructure for use in financial trading. Whilst the …",https://www.adzuna.co.uk/jobs/land/ad/5728205036?se=FglYVRZm8RGOccqhHlf4XA&utm_medium=api&utm_source=057dc159&v=CE6944CC3A99734F94E2420C53593ECAA0DA1F83,software engineer
Senior Software Engineer,Ocho,"Belfast, Northern Ireland",IT Jobs,75000.0,75000.0,,2026-05-21T21:04:59Z,"Senior Security Software Engineer | Belfast (Hybrid, 3 Days Office) | InsurTech At a glance: Senior Software Engineer - Python, AWS, security-focused AI-driven InsurTech, scaling Belfast engineering hub Hybrid - 3 days Belfast office, 2 days remote Competitive salary  performance bonus  30 days leave Real ownership, architecture input, cutting-edge tech stack About the Company A US-headquartered InsurTech business is transforming the insurance marketplace through proprietary data and an AI traf…",https://www.adzuna.co.uk/jobs/land/ad/5736675275?se=FglYVRZm8RGOccqhHlf4XA&utm_medium=api&utm_source=057dc159&v=B489A6847E899410037452F5854965B325FAEA5C,software engineer
Staff Software Engineer,Ocho,"Belfast, Northern Ireland",IT Jobs,70000.0,70000.0,,2026-05-22T20:08:03Z,"Staff Software Engineer Location: Belfast, Northern Ireland, United Kingdom (Hybrid/Remote-friendly) The Opportunity We're partnering with a leading technology company delivering high-performance software used by a wide range of customers every day. They are seeking an experienced Staff Software Engineer to join their senior engineering team in Belfast. You'll work on critical software systems that power core business operations, with a focus on both backend services and cloud-based solutions. …",https://www.adzuna.co.uk/jobs/land/ad/5737819054?se=FglYVRZm8RGOccqhHlf4XA&utm_medium=api&utm_source=057dc159&v=8D8F5D94C445BB8129A0D1050208EB21A85C4B39,software engineer
Software Engineering Manager,Munster Simms Engineering,UK,IT Jobs,75000.0,75000.0,,2026-05-18T20:54:06Z,"Are you ready for whats next? Come explore opportunities within Brunswick, a global marine leader committed to challenging conventions and innovating next-generation technologies that transform experiences on the water and beyond. Brunswick believes Next Never Rests, and we offer a variety of exciting careers and growth opportunities within united teams defining the future of marine recreation. We are currently recruiting for a Software Engineering Manager. Position Overview: The Software Manag…",https://www.adzuna.co.uk/jobs/land/ad/5733317181?se=FglYVRZm8RGOccqhHlf4XA&utm_medium=api&utm_source=057dc159&v=20989C3ABEF3C7617DE5CA7BF4BFB6AA4FDD6B88,software engineer
Senior Software Engineer,Instil Software,"Belfast, Northern Ireland",IT Jobs,59904.75,59904.75,,2026-05-21T14:53:39Z,"The Role Were looking for experienced Senior Software Engineers who enjoy building scalable systems, working with cloud infrastructure, and delivering high-quality software in production environments. This role sits at the intersection of software engineering and cloud/platform work. Youll be designing and building backend services using technologies like C#, TypeScript, or Java, while working closely with modern cloud platforms. Its a strong fit for someone who takes ownership, is comfortable …",https://www.adzuna.co.uk/jobs/land/ad/5736502740?se=FglYVRZm8RGOccqhHlf4XA&utm_medium=api&utm_source=057dc159&v=1D930EE5073563888DBBE017BD505CD934683506,software engineer
Senior Software Engineer,Bazaarvoice Ltd,"Belfast, Northern Ireland",IT Jobs,43844.14,43844.14,,2026-06-11T08:36:54Z,"At Bazaarvoice, we create smart shopping experiences. Through our expansive global network, product-passionate community & enterprise technology, we connect thousands of brands and retailers with billions of consumers. Our solutions enable brands to connect with consumers and collect valuable user-generated content, at an unprecedented scale. This content achieves global reach by leveraging our extensive and ever-expanding retail, social & search syndication network. And we make it easy for bra…",https://www.adzuna.co.uk/jobs/land/ad/5759697320?se=FglYVRZm8RGOccqhHlf4XA&utm_medium=api&utm_source=057dc159&v=9E0437E94F2171C952F7836AFDCB663CBE50ADD8,software engineer
Principal Software Engineer,Ocho,"Belfast, Northern Ireland",IT Jobs,100000.0,100000.0,,2026-06-04T15:11:38Z,"Principal Platform Engineer FULLY REMOTE ACROSS UK AND IRELAND Our client is a fast-scaling fintech building the next generation of payment infrastructure. They're merchant-first, engineering-led, and genuinely obsessive about outcomes over process. Small teams, real autonomy, hard problems. They're hiring a Principal Platform Engineer to own the design and delivery of a suite of Model Context Protocol (MCP) servers - the trusted, governed gateway between AI agents and their core payments platf…",https://www.adzuna.co.uk/jobs/land/ad/5752103032?se=FglYVRZm8RGOccqhHlf4XA&utm_medium=api&utm_source=057dc159&v=8ED6BB8AD41A6F1B2E1E3731D079FE0DB86A2CE6,software engineer
Senior Software Engineer,Ocho,"London, UK",IT Jobs,60000.0,60000.0,,2026-06-09T15:18:39Z,"Senior Backend Developer (Node.js / TypeScript) Ocho People | Technology Recruitment Senior backend role at a fast growing IoT, mobile and cloud product company on the cusp of global expansion js and TypeScript focused with real time systems, AWS and Redis across a modern production stack Genuine architectural ownership in a small, high trust team with no bureaucracy Derry based with flexibility for the right person Salary £55,000 - £60,000 plus equity About the Company Our client is a fast mov…",https://www.adzuna.co.uk/jobs/land/ad/5757373810?se=FglYVRZm8RGOccqhHlf4XA&utm_medium=api&utm_source=057dc159&v=AAAC6965E427578D57E6E1C5C425A0AF919FA629,software engineer
Software Engineer (Python and Java),Leidos,"Farnborough, Hampshire",IT Jobs,61592.27,61592.27,permanent,2026-06-04T13:02:14Z,"Description Software Engineer Programme Name: Maritime Internal Research & Development Location: Farnborough, with flexibility to work from home dependent on business demands Salary: £47,600 - £61,000 Are you ready for your next career challenge? We are seeking a Software Engineer (Python and Java) to play a key role in advancing Maritime Internal Research and Development (IRAD) within our National Security & Defence (NS&D) Division. You will help shape next‑generation capabilities in AI, auton…",https://www.adzuna.co.uk/jobs/land/ad/5751954044?se=FglYVRZm8RGOccqhHlf4XA&utm_medium=api&utm_source=057dc159&v=2169AB8EA8EB4767E5D873B128A11B58952FB79B,software engineer
Power BI Developer,Tenth Revolution Group,"London, UK",IT Jobs,45000.0,55000.0,permanent,2026-06-04T12:18:41Z,"Power BI Developer Location: London (Hybrid) Salary: £45,000 - £55,000 The Role We're looking for a Power BI specialist to partner closely with business stakeholders and deliver high-quality reporting solutions. This role sits between the business and data teams, translating requirements into scalable dashboards and robust data models while ensuring consistency across reporting outputs. Key Responsibilities Stakeholder Engagement & Delivery Work with teams across the business to gather reportin…",https://www.adzuna.co.uk/jobs/land/ad/5751934407?se=pBFbXBZm8RG1SumIcG7pVg&utm_medium=api&utm_source=057dc159&v=98F324765B33E6C99982C553752BEF46A8E31627,power bi developer
Power BI Developer,Harnham - Data & Analytics Recruitment,"Liverpool, Merseyside",IT Jobs,91000.0,104000.0,contract,2026-06-02T22:10:27Z,"Power BI Developer6 monthsLiverpool - 2 days per week£350-400pdOutside IR35 We are looking for a senior Power BI professional (Senior Consultant / Manager level) who combines strong hands-on development expertise with the ability to coach, mentor, and uplift a growing analytics team . This role is not just about building reports-it's about developing team capability, driving best practices, and enabling long-term self-sufficiency . Key Responsibilities Lead end-to-end Power BI delivery : from d…",https://www.adzuna.co.uk/jobs/land/ad/5749711853?se=pBFbXBZm8RG1SumIcG7pVg&utm_medium=api&utm_source=057dc159&v=5CC35565A59D4821D8F06DED8D284D3E840E9874,power bi developer
Power BI Developer,Reed,"South East England, UK",IT Jobs,55000.0,60000.0,permanent,2026-05-22T19:14:38Z,"The Role A key position within the data function — ideal for someone who enjoys owning the full Power BI lifecycle , from backend data engineering through to delivering scalable, business-critical reporting. Key Responsibilities Own and manage the end-to-end Power BI environment (datasets, semantic models, dataflows, gateways, reporting) Design and build scalable, high-performance data models Lead ERP data integration and ETL processes Develop and optimise SQL queries, views, and stored procedu…",https://www.adzuna.co.uk/jobs/land/ad/5737807399?se=pBFbXBZm8RG1SumIcG7pVg&utm_medium=api&utm_source=057dc159&v=AF9568188822152DD570466E63992165FA2B941E,power bi developer
Power BI Developer,Amentum,"Bristol, South West England",IT Jobs,50881.44,50881.44,,2026-06-03T21:36:33Z,"At Amentum, we're not just solving problems; we're engineering the future. Our team is driven by an unyielding commitment to innovation, integrity, and collaboration, tackling some of the most significant challenges in science, security, and sustainability. If you're passionate about making a real impact and want to be part of a community that values ethical excellence, this is the place where your ambition can thrive. Here, we believe that success comes from continuously pushing boundaries and…",https://www.adzuna.co.uk/jobs/land/ad/5750893348?se=pBFbXBZm8RG1SumIcG7pVg&utm_medium=api&utm_source=057dc159&v=3F60C302FC1C3D79BB162223E1C398C4E689B067,power bi developer
Power BI Developer,TXP Technology x People,"Liverpool, Merseyside",IT Jobs,113100.0,113100.0,contract,2026-05-29T20:29:43Z,"Senior Power BI Consultant / Manager Location: Liverpool (2 days onsite per week) Contract: 3 months rolling Rate: Up to £435 per day Clearance: None required Overview We're looking for a Senior Power BI Consultant / Manager to join a growing analytics function, combining hands-on delivery expertise with team capability building. This is not a pure reporting role - you'll play a key part in uplifting the team, embedding best practices, and driving long-term self-sufficiency, while continuing to…",https://www.adzuna.co.uk/jobs/land/ad/5744746967?se=pBFbXBZm8RG1SumIcG7pVg&utm_medium=api&utm_source=057dc159&v=C4A615F84CA104F8FEDFBB91BFB42C8BA1A7ABA9,power bi developer
Power BI Developer,Gattaca PBS,"London, UK",IT Jobs,104000.0,117000.0,contract,2026-06-11T17:07:05Z,"Power BI Developer - Contract (3 months) London / Remote (UK) ⏰ Full‑time (37.5 hours per week) £450 per day (Inside IR35) Start date: As soon as possible We're looking for an experienced Power BI Developer to join a friendly Data & Analytics team on a 3‑month contract , delivering a defined set of high‑priority dashboards. This role focuses on building high‑quality, user‑friendly Power BI dashboards that answer clear business questions. You'll work closely with data colleagues and stakeholders…",https://www.adzuna.co.uk/jobs/details/5760089993?utm_medium=api&utm_source=057dc159,power bi developer
Power BI Developer,Robert Half,"London, UK",IT Jobs,58687.52,58687.52,contract,2026-05-27T16:05:45Z,"Robert Half Technology are assisting a growing UK real estate organisation to recruit a Power BI Developer on a contract basis. 6-12 month contract with an ASAP start. Hybrid working - London based. Role The Power BI Developer will design, develop, and maintain interactive dashboards and reports to support business decision-making across property, finance, operations, and asset management teams. Collaborate with stakeholders across the business to gather reporting requirements and translate the…",https://www.adzuna.co.uk/jobs/details/5742303553?utm_medium=api&utm_source=057dc159,power bi developer
Power BI Developer,ECS Resource Group Ltd,"Fieldhead Business Centre, Bradford",IT Jobs,130000.0,162500.0,contract,2026-05-29T12:00:57Z,"Power BI Developer Initial 3-Month Contract Hybrid Working - Bradford £500 - £625 p/day, Inside IR35 We're recruiting for an experienced Power BI Developer to support a large-scale data and reporting programme within a enterprise environment. Key responsibilities: Develop and maintain BI reporting solutions Build dashboards and reports using Power BI Write and optimise SQL queries Design and maintain data models Gather requirements from business stakeholders Support ongoing reporting and data i…",https://www.adzuna.co.uk/jobs/land/ad/5744543284?se=pBFbXBZm8RG1SumIcG7pVg&utm_medium=api&utm_source=057dc159&v=79FCB6FF2337AE83B943A15FDD1C87C3F0508479,power bi developer
Power BI Developer,TXP,"Stanley, Liverpool",IT Jobs,0.0,113100.0,contract,2026-05-29T18:05:24Z,"Senior Power BI Consultant / Manager Location: Liverpool (2 days onsite per week) Contract: 3 months rolling Rate: Up to £435 per day Clearance: None required Overview We're looking for a Senior Power BI Consultant / Manager to join a growing analytics function, combining hands-on delivery expertise with team capability building. This is not a pure reporting role - you'll play a key part in uplifting the team, embedding best practices, and driving long-term self-sufficiency, while continuing to…",https://www.adzuna.co.uk/jobs/land/ad/5744695708?se=pBFbXBZm8RG1SumIcG7pVg&utm_medium=api&utm_source=057dc159&v=B9C4FCDE33C5746E263E401605AA9D371B5CAF80,power bi developer
Power BI Developer,Orbit Group,"Binley, Coventry",IT Jobs,28277.0,35345.0,contract,2026-06-11T10:32:30Z,"Salary: £28,277 - 35,345 per year Requirements: We are looking for an experienced Power BI Developer with deep expertise in Microsoft Power BI, including Desktop, Service, gateways and workspace management. We need strong skills in DAX and data modelling. We need experience working with large and complex data sets, writing optimised queries and understanding performance impacts. We need a strong understanding of data warehousing concepts, star schemas, ETL/data ingestion and relational database…",https://www.adzuna.co.uk/jobs/details/5759763457?utm_medium=api&utm_source=057dc159,power bi developer
Power BI Developer,Amentum,UK,IT Jobs,51379.1,51379.1,,2026-05-22T13:16:33Z,"At Amentum, we're not just solving problems; we're engineering the future. Our team is driven by an unyielding commitment to innovation, integrity, and collaboration, tackling some of the most significant challenges in science, security, and sustainability. If you're passionate about making a real impact and want to be part of a community that values ethical excellence, this is the place where your ambition can thrive. Here, we believe that success comes from continuously pushing boundaries and…",https://www.adzuna.co.uk/jobs/details/5737563604?utm_medium=api&utm_source=057dc159,power bi developer
Power BI Developer,Tenth Revolution Group,"Clock Face, St. Helens",IT Jobs,30000.0,60000.0,,2026-06-11T10:32:00Z,"Salary: £30,000 - 60,000 per year Requirements: We want strong, hands-on experience with Power BI, including data ingestion, modelling and DAX. We want solid knowledge of data modelling, star schema design and semantic layer principles. We want proven ability to build scalable, efficient analytical models and performance-focused reports. We want excellent communication skills and the ability to translate user requirements into practical designs. Experience supporting governance, best practices …",https://www.adzuna.co.uk/jobs/details/5759762167?utm_medium=api&utm_source=057dc159,power bi developer
Power BI Developer,Harnham - Data & Analytics Recruitment,"South Wimbledon, South West London",IT Jobs,59000.0,99000.0,,2026-06-11T10:31:46Z,"Salary: £59,000 - 99,000 per year Requirements: Strong commercial experience developing Power BI reports and dashboards, including data modelling, DAX, and Power Query. Proven experience working with relational data and writing SQL to query and prepare data. Solid understanding of ETL principles and experience building or working with ETL pipelines from multiple data sources. Familiarity with Microsoft Azure data services such as Azure Data Factory, Azure SQL Database, Azure Synapse Analytics, …",https://www.adzuna.co.uk/jobs/details/5759761545?utm_medium=api&utm_source=057dc159,power bi developer
Power BI Developer,Siemens,UK,IT Jobs,43751.67,43751.67,,2025-05-22T08:54:58Z,"Before our software developers write even a single line of code, they have to understand what drives our customers. What is the environment? What is the user story based on? Implementation means – trying, testing, and improving outcomes until a final solution emerges. Knowledge means exchange – discussions with colleagues from all over the world. Join our Digitalization Technology and Services (DTS) team based in Bangalore. This is your role. What part will you play? Develop meaningful apps - f…",https://www.adzuna.co.uk/jobs/details/5210484377?utm_medium=api&utm_source=057dc159,power bi developer
Power BI Developer - Azure,SR2 REC LTD,"Warwickshire, West Midlands",IT Jobs,91000.0,117000.0,contract,2026-06-12T04:54:11Z,"Power BI Developer - Azure Role: Power BI Developer (Mid-Level) Location: Warwickshire (2-3 days onsite per week) Contract: Initial 2 months Extension Potential: High likelihood of extension We are seeking a Mid-Level Power BI Developer to join a fast-paced team on an initial 2-month contract. This role requires a strong technical background in Power BI, data engineering, and SQL, with the ability to deliver high-quality reporting and analytics solutions. Required Skills & Experience: Expert-le…",https://www.adzuna.co.uk/jobs/details/5760928174?utm_medium=api&utm_source=057dc159,power bi developer
Power BI Developer (Power Apps experience required),McGregor Boyall,"Manchester, Greater Manchester",IT Jobs,0.0,156000.0,contract,2026-06-01T16:12:15Z,"Power BI Developer (Power Apps experience is essential) Banking Locations: Manchester, Birmingham, Edinburgh or Bristol Working: 2 days per week onsite Duration: 6 months (likely extension to end of year) IR35: Inside IR35 (via umbrella) Rate: Up to £600 p/d The Role Looking for a Power BI Developer to design scalable data models, build high-quality datasets, and deliver insightful dashboards supporting critical business processes. You'll also help establish a robust BI data foundation, integra…",https://www.adzuna.co.uk/jobs/details/5747717141?utm_medium=api&utm_source=057dc159,power bi developer
Power BI Developer - 12 month FTC,Orbit Group,"Coventry, West Midlands",IT Jobs,28277.0,35345.0,contract,2026-05-28T19:54:00Z,"We’re building thriving communities as one of the UK’s largest housing groups and a leading developer of affordable housing. We believe everyone is entitled to a good home they can afford, in a place they are proud to live. More than 100,000 people live in our homes. If you want to experience work that’s truly rewarding, join us. Because when we achieve together, customers and communities thrive. Work for Orbit. Believe in people. The role We are seeking an experienced Power BI Developer to joi…",https://www.adzuna.co.uk/jobs/land/ad/5743706095?se=pBFbXBZm8RG1SumIcG7pVg&utm_medium=api&utm_source=057dc159&v=AC2C7420FC143C3E74DB9B25A52C35E4D830AF5E,power bi developer
Power Apps Developer (Power BI specialism),Methods Business and Digital Technology,"London, UK",IT Jobs,60000.0,70000.0,permanent,2026-04-23T13:07:50Z,"Salary: £60k to £70k Methods is recruiting for a Power Apps Developer (Power BI specialism) to join our team within the Public Sector Business unit on a permanent basis. This role will be mainly remote but require flexibility to travel to client sites, and our offices based in London, Sheffield. Role Overview We are looking for a skilled Power Apps Developer (Power BI specialism) to design, build, and maintain high-impact business solutions. You will be the go-to expert for turning raw data int…",https://www.adzuna.co.uk/jobs/details/5708297939?utm_medium=api&utm_source=057dc159,power bi developer
Power Apps Developer (Power BI specialism),Methods Business and Digital Technology,"Bristol, South West England",IT Jobs,60000.0,70000.0,permanent,2026-04-23T13:07:50Z,"Salary: £60k to £70k Methods is recruiting for a Power Apps Developer (Power BI specialism) to join our team within the Public Sector Business unit on a permanent basis. This role will be mainly remote but require flexibility to travel to client sites, and our offices based in London, Sheffield. Role Overview We are looking for a skilled Power Apps Developer (Power BI specialism) to design, build, and maintain high-impact business solutions. You will be the go-to expert for turning raw data int…",https://www.adzuna.co.uk/jobs/details/5708297941?utm_medium=api&utm_source=057dc159,power bi developer
Power Apps Developer (Power BI specialism),Methods Business and Digital Technology,"Sheffield, South Yorkshire",IT Jobs,60000.0,70000.0,permanent,2026-04-23T13:07:50Z,"Salary: £60k to £70k Methods is recruiting for a Power Apps Developer (Power BI specialism) to join our team within the Public Sector Business unit on a permanent basis. This role will be mainly remote but require flexibility to travel to client sites, and our offices based in London, Sheffield. Role Overview We are looking for a skilled Power Apps Developer (Power BI specialism) to design, build, and maintain high-impact business solutions. You will be the go-to expert for turning raw data int…",https://www.adzuna.co.uk/jobs/details/5708297942?utm_medium=api&utm_source=057dc159,power bi developer
"Power Platform/BI Developer, Transformation Programme, London",E3G,"Waterloo, South East London",IT Jobs,58394.0,64790.0,contract,2026-06-11T13:03:02Z,"Power Platform/BI Developer, Transformation Programme, London This post is based in E3G’s London office and will support the design, build and iteration of a suite of interim business tools within E3G’s Microsoft 365 estate. Working as part of a small agile delivery team, the role will help deliver new internal finance and resource management tools that improve visibility of resource allocation, cash flow and pipeline performance for senior stakeholders. Background E3G is the world lead strateg…",https://www.adzuna.co.uk/jobs/details/5759899804?utm_medium=api&utm_source=057dc159,power bi developer
Senior BI Developer (SQL & Power BI),Amoria Group,"Manchester, Greater Manchester",IT Jobs,67877.03,67877.03,,2026-05-24T13:18:49Z,"Senior BI Developer (SQL & Power BI) Amoria Group Location - Manchester / Hybrid We’re looking for a Senior BI Developer to take ownership of our end to end BI and data environment within a growing international business. This is not just a reporting role. We’re looking for someone who enjoys improving, optimising and shaping BI environments, somebody who wants real ownership and the opportunity to influence how data is managed and delivered across the business. You’ll work closely with senior …",https://www.adzuna.co.uk/jobs/details/5739763908?utm_medium=api&utm_source=057dc159,power bi developer
Power BI Dashboard Developer — Multi-Branch Letting Agency,,UK,Sales Jobs,35234.13,35234.13,,2026-06-04T05:44:12Z,"I run a group of UK letting agencies. I need a Power BI dashboard built that pulls data from two sources: SME Professional (Y branches) and Jupix (X branches) via scheduled CSV export. I need one group-level dashboard showing all branches combined, and individual branch views. Key metrics: total units under management, occupied units, landlord funnel conversion (lead → appointment → valuation → won), tenant funnel conversion, weekly income (letting fees, maintenance commission, sales commission…",https://www.adzuna.co.uk/jobs/details/5751572634?utm_medium=api&utm_source=057dc159,power bi developer
Senior Developer - Power BI,Mace,"London, UK",IT Jobs,55812.62,55812.62,,2026-05-14T12:51:35Z,"Mace combines construction expertise with consultancy to unlock potential in every person or project and redefine the boundaries of ambition. Our values shape the way we consult and define the people we want to join us on our journey. As a senior Power BI developer, you will be expected to work with Microsoft’s ‘low code’ Power platform suite, principally with Power BI, as well as SharePoint, Teams and the M365 Office suite. There is an opportunity to grow your role into other Power platform ap…",https://www.adzuna.co.uk/jobs/details/5729114406?utm_medium=api&utm_source=057dc159,power bi developer
Finance Analyst,Hays,"Oxford, Oxfordshire",Accounting & Finance Jobs,41566.14,41566.14,,2026-05-26T09:28:00Z,"An Oxfordshire business is looking for an experienced Finance Analyst to help them better utilise their data. Job Title: Finance AnalystLocation: OxfordSalary: £40,000 to £45,000Working pattern: Hybrid (3 days in office per week) Your new company A long-standing and highly reputable Oxfordshire publishing company is looking for a Finance Analyst with experience in business intelligence, financial reporting and data analysis. The role will involve working with tools such as Excel and Power BI to…",https://www.adzuna.co.uk/jobs/land/ad/5741075696?se=pBFbXBZm8RG1SumIcG7pVg&utm_medium=api&utm_source=057dc159&v=34C213F99FEFC33A744B936FE42E2D981EF66F20,power bi developer
BI Developer,ALTECH GROUP LTD,"Lancashire, North West England",IT Jobs,35000.0,45000.0,permanent,2026-05-16T15:01:20Z,"A growing UK-based organisation is looking for a technically strong Power BI Developer to join its central BI function, supporting business-critical financial and operational reporting. This role is ideal for someone who enjoys building scalable reporting solutions, developing robust semantic models, and working closely with stakeholders to turn business requirements into meaningful insight. The position offers a strong mix of hands-on Power BI development, data modelling, and analytical proble…",https://www.adzuna.co.uk/jobs/land/ad/5731505611?se=pBFbXBZm8RG1SumIcG7pVg&utm_medium=api&utm_source=057dc159&v=BE9555C9E5E18E21A62BECAF5F2A762974E0A6A2,power bi developer
BI Project Specialist,MCS Group,"Belfast, Northern Ireland",IT Jobs,55000.0,55000.0,,2026-06-08T15:20:07Z,"Business Intelligence Project Specialist (Power BI) Shape the future of data-driven decision making in a global manufacturing environment. We are seeking an experienced Business Intelligence Project Specialist to join a growing analytics function, acting as the vital link between business stakeholders and technical delivery teams. This is a unique opportunity for a Power BI expert who enjoys combining hands-on dashboard development with project leadership, stakeholder engagement, and end-to-end…",https://www.adzuna.co.uk/jobs/land/ad/5756323634?se=pBFbXBZm8RG1SumIcG7pVg&utm_medium=api&utm_source=057dc159&v=10C4D560ADB019FB28FB36861197D74D23228457,power bi developer
BI Developer,hireful.,"Birmingham, West Midlands",IT Jobs,35000.0,45000.0,permanent,2026-06-11T17:46:09Z,"Are you an ambitious BI Developer looking to accelerate your career within a purpose-driven organisation that is transforming the way data and insight support business performance? We are seeking a talented BI Developer to play a key role in delivering a new reporting portfolio that will support major business transformation initiatives, including the implementation of Jaggaer and our long-term 2030 growth strategy. This is an exciting opportunity for a BI Developer, Power BI Developer, Busines…",https://www.adzuna.co.uk/jobs/land/ad/5760103768?se=pBFbXBZm8RG1SumIcG7pVg&utm_medium=api&utm_source=057dc159&v=1543BFF0759DCE5107A83678677BDB97C466D495,power bi developer
BI Developer,Adria Solutions,"Warrington, Cheshire",IT Jobs,45000.0,60000.0,permanent,2026-06-05T15:07:32Z,"BI Developer Our client is seeking an experienced BI Developer to join their growing Digital and Technology team. This is a fantastic opportunity for a data and reporting professional who enjoys working closely with both technical teams and business stakeholders to deliver impactful reporting and analytics solutions. You will be responsible for developing and maintaining business intelligence and management information reporting, helping to provide valuable insights that support business perfor…",https://www.adzuna.co.uk/jobs/land/ad/5753274887?se=pBFbXBZm8RG1SumIcG7pVg&utm_medium=api&utm_source=057dc159&v=049F533C39130EFC45FA3B4112792DBE64BA4104,power bi developer
Senior PowerBI Developer,Pure Resourcing Solutions,"Bury St. Edmunds, Suffolk",IT Jobs,45000.0,60000.0,permanent,2026-05-20T19:08:55Z,"An established and well-known UK organisation is looking to appoint a Senior BI Developer to join its Business Intelligence team. This is an opportunity to play a key role in developing and expanding a growing Power BI capability. The business has a long-standing BI environment and is now investing in modern reporting, giving you the chance to influence standards, shape best practice and drive adoption across the organisation. The role You will be responsible for delivering high quality, end-to…",https://www.adzuna.co.uk/jobs/land/ad/5735318121?se=pBFbXBZm8RG1SumIcG7pVg&utm_medium=api&utm_source=057dc159&v=F8CBDC2DBA9D3FA02BEB658C9444986CCDBD49D2,power bi developer
Business Intelligence / Power BI Analyst (Finance Function),Michael Page Technology,"Bristol, South West England",IT Jobs,54419.72,54419.72,permanent,2026-06-10T19:38:06Z,"This leading Retail organisation are looking to appoint a Business Intelligence / Power BI Analyst to support their finance function in developing Dashboards and Power BI Reports to support senior management decisioning and automate processes. Your primary focus turning data from multiple sources into clear, actionable insights for the business in Power BI. Client Details Leading Retail organisation Description This leading Retail organisation are looking to appoint a Business Intelligence / Po…",https://www.adzuna.co.uk/jobs/land/ad/5758687623?se=pBFbXBZm8RG1SumIcG7pVg&utm_medium=api&utm_source=057dc159&v=C85AA6590C79C4C9113CA4E1958F601E1B5025FF,power bi developer
Power Platform Engineer,Rise Technical Recruitment Limited,"Manchester, Greater Manchester",IT Jobs,63767.79,63767.79,permanent,2026-06-05T19:32:25Z,"Power Platform / BI Engineer Manchester - Hybrid (3 days on-site) £55,000 - £70,000  Life Insurance  Pension Are you an experienced Power Platform and BI Engineer looking to join a specialist digital consultancy where you can shape modern data and automation solutions within complex, regulated environments, building foundations rather than inheriting someone else's?This is a permanent role within an ambitious, growing consultancy specialising in project controls, data, and digital transformatio…",https://www.adzuna.co.uk/jobs/land/ad/5753359249?se=pBFbXBZm8RG1SumIcG7pVg&utm_medium=api&utm_source=057dc159&v=63E4E80697657163EACD54D686FEC21FA1412E65,power bi developer
Project Controller *Global Consultancy*,Hays,"London, UK",Accounting & Finance Jobs,42277.53,42277.53,,2026-05-13T08:25:24Z,"Growing, Ambitious Consultancy Firm In The City Is Recruiting A Commercially Minded Project Controller! Your new company This ambitious, global consultancy is proud to describe itself as a pioneering firm, with a strong commitment to development of expertise. The company supports the development of its customers, putting integrity, innovation and accountability at the heart of everything they do. Your new role The client is looking to attract an ambitious, forward-thinking Project Controller to…",https://www.adzuna.co.uk/jobs/land/ad/5727817687?se=pBFbXBZm8RG1SumIcG7pVg&utm_medium=api&utm_source=057dc159&v=5CC9A58061A683428D016C673FE6E5934426FC3A,power bi developer
PowerBI Developer,SF Partners,"Sutton Coldfield, West Midlands",IT Jobs,55000.0,60000.0,,2026-06-02T14:34:47Z,"Power BI Developer / BI Developer Salary: Up to £60,000 Location: Tamworth Working Pattern: 4 days per week in the office. The Role We are partnering with a well-established B2B organisation seeking to enhance its internal Business Intelligence capability by recruiting a Power BI Developer / BI Developer. This is a hands-on technical BI delivery role focused on developing, improving, and maintaining Power BI reporting across the business. The successful candidate will collaborate closely with a…",https://www.adzuna.co.uk/jobs/land/ad/5749243283?se=pBFbXBZm8RG1SumIcG7pVg&utm_medium=api&utm_source=057dc159&v=0DC2905F2DEBF05EF09EA5D66F92D6292070B91B,power bi developer
PowerBI Developer,SF Partners Admin,"Tamworth, Staffordshire",IT Jobs,60000.0,60000.0,,2026-06-02T20:06:24Z,"Power BI Developer / BI Developer Salary: Up to £60,000 Location: Tamworth Working Pattern: 4 days per week in the office. The Role We are partnering with a well-established B2B organisation seeking to enhance its internal Business Intelligence capability by recruiting a Power BI Developer / BI Developer. This is a hands-on technical BI delivery role focused on developing, improving, and maintaining Power BI reporting across the business. The successful candidate will collaborate closely with a…",https://www.adzuna.co.uk/jobs/details/5749353982?utm_medium=api&utm_source=057dc159,power bi developer
Data Analytics Engineer,Applause IT Recruitment Ltd,"Balsall Heath, Birmingham",IT Jobs,52997.31,52997.31,,2026-05-26T17:44:17Z,"Data Analytics Engineer | Power BI | SQL | Hybrid Location: Hybrid / UK Salary: Competitive  Benefits A fantastic opportunity has opened for an experienced Data Analytics Engineer to join a growing data and analytics team within a large UK organisation. This role is ideal for a technically strong Data Analytics Engineer who enjoys both building impactful Power BI reporting solutions and developing the robust data infrastructure behind them. This is a hybrid role combining Power BI development, …",https://www.adzuna.co.uk/jobs/land/ad/5741324254?se=pBFbXBZm8RG1SumIcG7pVg&utm_medium=api&utm_source=057dc159&v=B7314E2723D98699BBF648B7CD5134639C3DA383,power bi developer
Lead Data Engineer | Microsoft Fabric | Azure | AI,Intelligent Talent Solutions Ltd,"Birmingham, West Midlands",IT Jobs,70000.0,70000.0,permanent,2026-05-16T08:32:52Z,"Lead Data Engineer | Microsoft Fabric | Azure | AI Birmingham Hybrid | 2-3 days per week £60,000 - £70,000  10% bonus  excellent benefits If you enjoy building data platforms rather than simply maintaining them, this could be worth a look. Were supporting a well-established financial services organisation investing heavily in Azure, Microsoft Fabric and AI-driven insight capability. They are at an interesting point in their journey, with an established Azure environment already in place and a c…",https://www.adzuna.co.uk/jobs/land/ad/5731185446?se=pBFbXBZm8RG1SumIcG7pVg&utm_medium=api&utm_source=057dc159&v=D0C9A0BD8585B5CA0976B875B3EC50F9D5A497FC,power bi developer
Customer Analytics Manager,Harnham - Data & Analytics Recruitment,"Lancashire, North West England",IT Jobs,45000.0,55000.0,permanent,2026-05-19T14:43:42Z,"Customer Analytics Manager £45,000-£55,000 Lancashire The Company A customer-centric UK retail brand with a strong digital and multi-channel presence is seeking a Customer Analytics Manager! This business is known for its people-first culture and long-term commitment to customer experience, and they continue to invest heavily their in data, CRO, and CRM capability to support growth and personalisation The Role As Customer Analytics Manager, you'll sit within the CRO & Data team, working closely…",https://www.adzuna.co.uk/jobs/land/ad/5734103945?se=pBFbXBZm8RG1SumIcG7pVg&utm_medium=api&utm_source=057dc159&v=A5E9717E9A085B672EA90CAA7D2F37409B0667D0,power bi developer
Senior Data Engineer - Ascot Lloyd,Ascot Lloyd,"Birmingham, West Midlands",IT Jobs,54201.15,54201.15,,2026-05-14T12:23:58Z,"We are seeking a Senior Data Engineer to join our Azure-native data team in a leading UK financial services firm. This role is key to maintaining and evolving our data platform, supporting both ongoing enhancements and greenfield development. You will work on data integration, ETL pipelines, analytics, and AI-driven insights, ensuring robust data solutions that support business growth. This is a hybrid role, with an expectation of three days per week working from the Birmingham office and at le…",https://www.adzuna.co.uk/jobs/land/ad/5729106428?se=pBFbXBZm8RG1SumIcG7pVg&utm_medium=api&utm_source=057dc159&v=7044B0B53A00F276CB747B7AB544EA1977A85F40,power bi developer
Power Bi Consultant,Teksystems,"Scotland, UK",IT Jobs,65075.32,65075.32,contract,2026-06-09T03:55:37Z,"Description Job Title: Senior Power BI Developer (Contract 9 Months) Location: Edinburgh Duration: 9-Month Contract Role Overview We are seeking an experienced Senior Power BI Developer to join the team on a 9-month contract to provide cover during a period of paternity leave. The successful candidate will be responsible for designing, developing, and maintaining business intelligence solutions, with a strong focus on Power BI and Microsoft Fabric capabilities. Key Responsibilities Design, deve…",https://www.adzuna.co.uk/jobs/details/5756819186?utm_medium=api&utm_source=057dc159,power bi developer
PowerBI Developer (Fixed-Term),. Bournemouth University,"Bournemouth, Dorset",IT Jobs,51875.89,51875.89,contract,2026-05-14T18:40:23Z,"About the role We are seeking an experienced Power BI Developer to join our Planning Team and play a key role in delivering the University's reporting and business intelligence roadmap. This is a delivery-focused, fixed-term (12 Months) role aimed at accelerating the development of a pipeline of high-quality Power BI reports and dashboards. You will be instrumental in transitioning the University from legacy reporting tools to a modern, scalable Power BI environment, aligned to our BU2035 Insti…",https://www.adzuna.co.uk/jobs/details/5729421962?utm_medium=api&utm_source=057dc159,power bi developer
BI Developer,Gleeson Recruitment Group,"Penn Fields, Wolverhampton",IT Jobs,56905.01,56905.01,contract,2026-05-15T12:53:29Z,BI Developer (Power BI | Azure | SQL) Remote role - some trips to Wolverhampton office Are you a data-driven problem solver who loves turning complex data into clear insights? We're looking for a skilled BI Developer to join our clients growing team. What you'll do: Build impactful dashboards and reports in Power BI Develop and optimise data solutions using Azure Write and maintain efficient SQL queries and data models Work closely with stakeholders to translate business needs into actionable i…,https://www.adzuna.co.uk/jobs/land/ad/5730277902?se=pBFbXBZm8RG1SumIcG7pVg&utm_medium=api&utm_source=057dc159&v=03C0197A539321D67981521A859273C9DDBDD1F4,power bi developer
PowerBI Developer,SmartSearch,"West Yorkshire, Yorkshire And The Humber",IT Jobs,44080.23,44080.23,permanent,2026-05-19T19:37:01Z,"SmartSearch's distinctive Anti-Money Laundering verification software protects our clients by offering the most advanced and comprehensive features available from an AML provider. SmartSearch has grown rapidly by fostering an incredibly collaborative and supportive culture. As we continue our ambitious growth plans, we will strive to remain a truly exciting, rewarding, and unique place to work. HOW WILL YOU MAKE A DIFFERENCE? We're looking for a Power BI Developer to join our team and play a ke…",https://www.adzuna.co.uk/jobs/details/5734242086?utm_medium=api&utm_source=057dc159,power bi developer
Power BI Specialist,Rullion Managed Services,UK,IT Jobs,64272.22,64272.22,contract,2026-05-14T14:44:35Z,"Power BI Developer (Contract)  Hull (Onsite)  £18.00 per hour (PAYE)  Start Date: ASAP (08 June 2026) ⏳ Contract: 6 months initially (potential extension to 12 months)  40 hours per week (Mon-Fri, flexible core hours 9am-3pm)  Inside IR35 About the Role We are currently seeking a skilled Power BI Developer to join Siemens Gamesa Renewable Energy at their Blade Factory in Hull. This is an exciting opportunity to contribute to a high-impact environment, supporting data-driven decision-making thro…",https://www.adzuna.co.uk/jobs/land/ad/5729293953?se=pBFbXBZm8RG1SumIcG7pVg&utm_medium=api&utm_source=057dc159&v=CFE4D241F98FAEFA40D7AF970C4CB64D4989BC0A,power bi developer
PowerBI Developer,Pro Contract Jobs Ltd,"London, UK",IT Jobs,75000.0,75000.0,,2026-05-22T18:43:33Z,"Power BI Developer / BI Developer / Reporting Developer Location: London (Hybrid 2 days onsite) or Remote (occasional London visits) Salary: £55,000 to £75,000  bonus  benefits (depending on sector and experience) Sectors you might support: Financial Services (Private Wealth, Banking), Fintech/Lending, FMCG/Consumer Goods, Manufacturing, Logistics/Supply Chain Role overview Build executive-ready dashboards and reporting products that drive commercial and operational decisions Sit between the bu…",https://www.adzuna.co.uk/jobs/details/5737802138?utm_medium=api&utm_source=057dc159,power bi developer
BI Developer,Hireful,"West Midlands, UK",IT Jobs,35000.0,45000.0,,2026-06-11T17:45:10Z,"Are you an ambitious BI Developer looking to accelerate your career within a purpose-driven organisation that is transforming the way data and insight support business performance? We are seeking a talented BI Developer to play a key role in delivering a new reporting portfolio that will support major business transformation initiatives, including the implementation of Jaggaer and our long-term 2030 growth strategy. This is an exciting opportunity for a BI Developer, Power BI Developer, Busines…",https://www.adzuna.co.uk/jobs/land/ad/5760103629?se=pBFbXBZm8RG1SumIcG7pVg&utm_medium=api&utm_source=057dc159&v=C084439DA128AFDFAFB439AB4E9C553546526470,power bi developer
